,ReserveLevel,Installment,Region,Platform,Channel,Edition,RelativeWeek
111,484406,RPG 123,All,All,All,All,0
112,435624,RPG 123,USA,All,All,All,0
113,221576,RPG 123,USA,PS4,All,All,0
114,57942,RPG 123,USA,PS4,Digital,All,0
117,163634,RPG 123,USA,PS4,Retail,All,0
120,189038,RPG 123,USA,XBOX ONE,All,All,0
121,72048,RPG 123,USA,XBOX ONE,Digital,All,0
124,116990,RPG 123,USA,XBOX ONE,Retail,All,0
127,25010,RPG 123,USA,PC,All,All,0
128,25010,RPG 123,USA,PC,Digital,All,0
131,0,RPG 123,USA,PC,Retail,All,0
134,36721,RPG 123,CAN,All,All,All,0
135,19342,RPG 123,CAN,PS4,All,All,0
136,7639,RPG 123,CAN,PS4,Digital,All,0
139,11703,RPG 123,CAN,PS4,Retail,All,0
142,12945,RPG 123,CAN,XBOX ONE,All,All,0
143,6425,RPG 123,CAN,XBOX ONE,Digital,All,0
146,6520,RPG 123,CAN,XBOX ONE,Retail,All,0
149,4434,RPG 123,CAN,PC,All,All,0
150,4434,RPG 123,CAN,PC,Digital,All,0
153,0,RPG 123,CAN,PC,Retail,All,0
156,2321,RPG 123,MEX,All,All,All,0
157,586,RPG 123,MEX,PS4,All,All,0
158,586,RPG 123,MEX,PS4,Digital,All,0
161,0,RPG 123,MEX,PS4,Retail,All,0
164,1371,RPG 123,MEX,XBOX ONE,All,All,0
165,1371,RPG 123,MEX,XBOX ONE,Digital,All,0
168,0,RPG 123,MEX,XBOX ONE,Retail,All,0
171,364,RPG 123,MEX,PC,All,All,0
172,364,RPG 123,MEX,PC,Digital,All,0
175,0,RPG 123,MEX,PC,Retail,All,0
178,2752,RPG 123,ROSA,All,All,All,0
179,1139,RPG 123,ROSA,PS4,All,All,0
180,1139,RPG 123,ROSA,PS4,Digital,All,0
183,0,RPG 123,ROSA,PS4,Retail,All,0
186,550,RPG 123,ROSA,XBOX ONE,All,All,0
187,550,RPG 123,ROSA,XBOX ONE,Digital,All,0
190,0,RPG 123,ROSA,XBOX ONE,Retail,All,0
193,1063,RPG 123,ROSA,PC,All,All,0
194,1063,RPG 123,ROSA,PC,Digital,All,0
197,0,RPG 123,ROSA,PC,Retail,All,0
200,6988,RPG 123,BRA,All,All,All,0
201,3120,RPG 123,BRA,PS4,All,All,0
202,3120,RPG 123,BRA,PS4,Digital,All,0
205,0,RPG 123,BRA,PS4,Retail,All,0
208,2120,RPG 123,BRA,XBOX ONE,All,All,0
209,2120,RPG 123,BRA,XBOX ONE,Digital,All,0
212,0,RPG 123,BRA,XBOX ONE,Retail,All,0
215,1748,RPG 123,BRA,PC,All,All,0
216,1748,RPG 123,BRA,PC,Digital,All,0
219,0,RPG 123,BRA,PC,Retail,All,0
115,32600,RPG 123,USA,PS4,Digital,Special,0
118,61600,RPG 123,USA,PS4,Retail,Special,0
122,45095,RPG 123,USA,XBOX ONE,Digital,Special,0
125,50122,RPG 123,USA,XBOX ONE,Retail,Special,0
129,13470,RPG 123,USA,PC,Digital,Special,0
132,0,RPG 123,USA,PC,Retail,Special,0
137,4776,RPG 123,CAN,PS4,Digital,Special,0
140,5699,RPG 123,CAN,PS4,Retail,Special,0
144,4169,RPG 123,CAN,XBOX ONE,Digital,Special,0
147,3365,RPG 123,CAN,XBOX ONE,Retail,Special,0
151,2590,RPG 123,CAN,PC,Digital,Special,0
154,0,RPG 123,CAN,PC,Retail,Special,0
159,322,RPG 123,MEX,PS4,Digital,Special,0
162,0,RPG 123,MEX,PS4,Retail,Special,0
166,1127,RPG 123,MEX,XBOX ONE,Digital,Special,0
169,0,RPG 123,MEX,XBOX ONE,Retail,Special,0
173,222,RPG 123,MEX,PC,Digital,Special,0
176,0,RPG 123,MEX,PC,Retail,Special,0
181,572,RPG 123,ROSA,PS4,Digital,Special,0
184,0,RPG 123,ROSA,PS4,Retail,Special,0
188,381,RPG 123,ROSA,XBOX ONE,Digital,Special,0
191,0,RPG 123,ROSA,XBOX ONE,Retail,Special,0
195,635,RPG 123,ROSA,PC,Digital,Special,0
198,0,RPG 123,ROSA,PC,Retail,Special,0
203,1441,RPG 123,BRA,PS4,Digital,Special,0
206,0,RPG 123,BRA,PS4,Retail,Special,0
210,1045,RPG 123,BRA,XBOX ONE,Digital,Special,0
213,0,RPG 123,BRA,XBOX ONE,Retail,Special,0
217,1426,RPG 123,BRA,PC,Digital,Special,0
220,0,RPG 123,BRA,PC,Retail,Special,0
116,25342,RPG 123,USA,PS4,Digital,Standard,0
119,102034,RPG 123,USA,PS4,Retail,Standard,0
123,26953,RPG 123,USA,XBOX ONE,Digital,Standard,0
126,66868,RPG 123,USA,XBOX ONE,Retail,Standard,0
130,11540,RPG 123,USA,PC,Digital,Standard,0
133,0,RPG 123,USA,PC,Retail,Standard,0
138,2863,RPG 123,CAN,PS4,Digital,Standard,0
141,6004,RPG 123,CAN,PS4,Retail,Standard,0
145,2256,RPG 123,CAN,XBOX ONE,Digital,Standard,0
148,3155,RPG 123,CAN,XBOX ONE,Retail,Standard,0
152,1844,RPG 123,CAN,PC,Digital,Standard,0
155,0,RPG 123,CAN,PC,Retail,Standard,0
160,264,RPG 123,MEX,PS4,Digital,Standard,0
163,0,RPG 123,MEX,PS4,Retail,Standard,0
167,244,RPG 123,MEX,XBOX ONE,Digital,Standard,0
170,0,RPG 123,MEX,XBOX ONE,Retail,Standard,0
174,142,RPG 123,MEX,PC,Digital,Standard,0
177,0,RPG 123,MEX,PC,Retail,Standard,0
182,567,RPG 123,ROSA,PS4,Digital,Standard,0
185,0,RPG 123,ROSA,PS4,Retail,Standard,0
189,169,RPG 123,ROSA,XBOX ONE,Digital,Standard,0
192,0,RPG 123,ROSA,XBOX ONE,Retail,Standard,0
196,428,RPG 123,ROSA,PC,Digital,Standard,0
199,0,RPG 123,ROSA,PC,Retail,Standard,0
204,1679,RPG 123,BRA,PS4,Digital,Standard,0
207,0,RPG 123,BRA,PS4,Retail,Standard,0
211,1075,RPG 123,BRA,XBOX ONE,Digital,Standard,0
214,0,RPG 123,BRA,XBOX ONE,Retail,Standard,0
218,322,RPG 123,BRA,PC,Digital,Standard,0
221,0,RPG 123,BRA,PC,Retail,Standard,0
999,368398,RPG 123,All,All,All,All,1
1000,331282,RPG 123,USA,All,All,All,1
1001,165313,RPG 123,USA,PS4,All,All,1
1002,28003,RPG 123,USA,PS4,Digital,All,1
1005,137310,RPG 123,USA,PS4,Retail,All,1
1008,155632,RPG 123,USA,XBOX ONE,All,All,1
1009,57505,RPG 123,USA,XBOX ONE,Digital,All,1
1012,98127,RPG 123,USA,XBOX ONE,Retail,All,1
1015,10337,RPG 123,USA,PC,All,All,1
1016,10337,RPG 123,USA,PC,Digital,All,1
1019,0,RPG 123,USA,PC,Retail,All,1
1022,29095,RPG 123,CAN,All,All,All,1
1023,15660,RPG 123,CAN,PS4,All,All,1
1024,3957,RPG 123,CAN,PS4,Digital,All,1
1027,11703,RPG 123,CAN,PS4,Retail,All,1
1030,11342,RPG 123,CAN,XBOX ONE,All,All,1
1031,4822,RPG 123,CAN,XBOX ONE,Digital,All,1
1034,6520,RPG 123,CAN,XBOX ONE,Retail,All,1
1037,2093,RPG 123,CAN,PC,All,All,1
1038,2093,RPG 123,CAN,PC,Digital,All,1
1041,0,RPG 123,CAN,PC,Retail,All,1
1044,1665,RPG 123,MEX,All,All,All,1
1045,329,RPG 123,MEX,PS4,All,All,1
1046,329,RPG 123,MEX,PS4,Digital,All,1
1049,0,RPG 123,MEX,PS4,Retail,All,1
1052,1175,RPG 123,MEX,XBOX ONE,All,All,1
1053,1175,RPG 123,MEX,XBOX ONE,Digital,All,1
1056,0,RPG 123,MEX,XBOX ONE,Retail,All,1
1059,161,RPG 123,MEX,PC,All,All,1
1060,161,RPG 123,MEX,PC,Digital,All,1
1063,0,RPG 123,MEX,PC,Retail,All,1
1066,1824,RPG 123,ROSA,All,All,All,1
1067,723,RPG 123,ROSA,PS4,All,All,1
1068,723,RPG 123,ROSA,PS4,Digital,All,1
1071,0,RPG 123,ROSA,PS4,Retail,All,1
1074,486,RPG 123,ROSA,XBOX ONE,All,All,1
1075,486,RPG 123,ROSA,XBOX ONE,Digital,All,1
1078,0,RPG 123,ROSA,XBOX ONE,Retail,All,1
1081,615,RPG 123,ROSA,PC,All,All,1
1082,615,RPG 123,ROSA,PC,Digital,All,1
1085,0,RPG 123,ROSA,PC,Retail,All,1
1088,4532,RPG 123,BRA,All,All,All,1
1089,1755,RPG 123,BRA,PS4,All,All,1
1090,1755,RPG 123,BRA,PS4,Digital,All,1
1093,0,RPG 123,BRA,PS4,Retail,All,1
1096,1679,RPG 123,BRA,XBOX ONE,All,All,1
1097,1679,RPG 123,BRA,XBOX ONE,Digital,All,1
1100,0,RPG 123,BRA,XBOX ONE,Retail,All,1
1103,1098,RPG 123,BRA,PC,All,All,1
1104,1098,RPG 123,BRA,PC,Digital,All,1
1107,0,RPG 123,BRA,PC,Retail,All,1
1003,17870,RPG 123,USA,PS4,Digital,Special,1
1006,56188,RPG 123,USA,PS4,Retail,Special,1
1010,41456,RPG 123,USA,XBOX ONE,Digital,Special,1
1013,42307,RPG 123,USA,XBOX ONE,Retail,Special,1
1017,6836,RPG 123,USA,PC,Digital,Special,1
1020,0,RPG 123,USA,PC,Retail,Special,1
1025,3936,RPG 123,CAN,PS4,Digital,Special,1
1028,5699,RPG 123,CAN,PS4,Retail,Special,1
1032,3523,RPG 123,CAN,XBOX ONE,Digital,Special,1
1035,3365,RPG 123,CAN,XBOX ONE,Retail,Special,1
1039,1428,RPG 123,CAN,PC,Digital,Special,1
1042,0,RPG 123,CAN,PC,Retail,Special,1
1047,186,RPG 123,MEX,PS4,Digital,Special,1
1050,0,RPG 123,MEX,PS4,Retail,Special,1
1054,968,RPG 123,MEX,XBOX ONE,Digital,Special,1
1057,0,RPG 123,MEX,XBOX ONE,Retail,Special,1
1061,110,RPG 123,MEX,PC,Digital,Special,1
1064,0,RPG 123,MEX,PC,Retail,Special,1
1069,373,RPG 123,ROSA,PS4,Digital,Special,1
1072,0,RPG 123,ROSA,PS4,Retail,Special,1
1076,348,RPG 123,ROSA,XBOX ONE,Digital,Special,1
1079,0,RPG 123,ROSA,XBOX ONE,Retail,Special,1
1083,407,RPG 123,ROSA,PC,Digital,Special,1
1086,0,RPG 123,ROSA,PC,Retail,Special,1
1091,814,RPG 123,BRA,PS4,Digital,Special,1
1094,0,RPG 123,BRA,PS4,Retail,Special,1
1098,927,RPG 123,BRA,XBOX ONE,Digital,Special,1
1101,0,RPG 123,BRA,XBOX ONE,Retail,Special,1
1105,814,RPG 123,BRA,PC,Digital,Special,1
1108,0,RPG 123,BRA,PC,Retail,Special,1
1004,10133,RPG 123,USA,PS4,Digital,Standard,1
1007,81122,RPG 123,USA,PS4,Retail,Standard,1
1011,16049,RPG 123,USA,XBOX ONE,Digital,Standard,1
1014,55820,RPG 123,USA,XBOX ONE,Retail,Standard,1
1018,3501,RPG 123,USA,PC,Digital,Standard,1
1021,0,RPG 123,USA,PC,Retail,Standard,1
1026,21,RPG 123,CAN,PS4,Digital,Standard,1
1029,6004,RPG 123,CAN,PS4,Retail,Standard,1
1033,1299,RPG 123,CAN,XBOX ONE,Digital,Standard,1
1036,3155,RPG 123,CAN,XBOX ONE,Retail,Standard,1
1040,665,RPG 123,CAN,PC,Digital,Standard,1
1043,0,RPG 123,CAN,PC,Retail,Standard,1
1048,143,RPG 123,MEX,PS4,Digital,Standard,1
1051,0,RPG 123,MEX,PS4,Retail,Standard,1
1055,207,RPG 123,MEX,XBOX ONE,Digital,Standard,1
1058,0,RPG 123,MEX,XBOX ONE,Retail,Standard,1
1062,51,RPG 123,MEX,PC,Digital,Standard,1
1065,0,RPG 123,MEX,PC,Retail,Standard,1
1070,350,RPG 123,ROSA,PS4,Digital,Standard,1
1073,0,RPG 123,ROSA,PS4,Retail,Standard,1
1077,138,RPG 123,ROSA,XBOX ONE,Digital,Standard,1
1080,0,RPG 123,ROSA,XBOX ONE,Retail,Standard,1
1084,208,RPG 123,ROSA,PC,Digital,Standard,1
1087,0,RPG 123,ROSA,PC,Retail,Standard,1
1092,941,RPG 123,BRA,PS4,Digital,Standard,1
1095,0,RPG 123,BRA,PS4,Retail,Standard,1
1099,752,RPG 123,BRA,XBOX ONE,Digital,Standard,1
1102,0,RPG 123,BRA,XBOX ONE,Retail,Standard,1
1106,284,RPG 123,BRA,PC,Digital,Standard,1
1109,0,RPG 123,BRA,PC,Retail,Standard,1
1110,308357,RPG 123,All,All,All,All,2
1111,277329,RPG 123,USA,All,All,All,2
1112,139744,RPG 123,USA,PS4,All,All,2
1113,20778,RPG 123,USA,PS4,Digital,All,2
1116,118966,RPG 123,USA,PS4,Retail,All,2
1119,130126,RPG 123,USA,XBOX ONE,All,All,2
1120,45362,RPG 123,USA,XBOX ONE,Digital,All,2
1123,84764,RPG 123,USA,XBOX ONE,Retail,All,2
1126,7459,RPG 123,USA,PC,All,All,2
1127,7459,RPG 123,USA,PC,Digital,All,2
1130,0,RPG 123,USA,PC,Retail,All,2
1133,24633,RPG 123,CAN,All,All,All,2
1134,13436,RPG 123,CAN,PS4,All,All,2
1135,3019,RPG 123,CAN,PS4,Digital,All,2
1138,10417,RPG 123,CAN,PS4,Retail,All,2
1141,9653,RPG 123,CAN,XBOX ONE,All,All,2
1142,3883,RPG 123,CAN,XBOX ONE,Digital,All,2
1145,5770,RPG 123,CAN,XBOX ONE,Retail,All,2
1148,1544,RPG 123,CAN,PC,All,All,2
1149,1544,RPG 123,CAN,PC,Digital,All,2
1152,0,RPG 123,CAN,PC,Retail,All,2
1155,1313,RPG 123,MEX,All,All,All,2
1156,245,RPG 123,MEX,PS4,All,All,2
1157,245,RPG 123,MEX,PS4,Digital,All,2
1160,0,RPG 123,MEX,PS4,Retail,All,2
1163,948,RPG 123,MEX,XBOX ONE,All,All,2
1164,948,RPG 123,MEX,XBOX ONE,Digital,All,2
1167,0,RPG 123,MEX,XBOX ONE,Retail,All,2
1170,120,RPG 123,MEX,PC,All,All,2
1171,120,RPG 123,MEX,PC,Digital,All,2
1174,0,RPG 123,MEX,PC,Retail,All,2
1177,1486,RPG 123,ROSA,All,All,All,2
1178,568,RPG 123,ROSA,PS4,All,All,2
1179,568,RPG 123,ROSA,PS4,Digital,All,2
1182,0,RPG 123,ROSA,PS4,Retail,All,2
1185,421,RPG 123,ROSA,XBOX ONE,All,All,2
1186,421,RPG 123,ROSA,XBOX ONE,Digital,All,2
1189,0,RPG 123,ROSA,XBOX ONE,Retail,All,2
1192,497,RPG 123,ROSA,PC,All,All,2
1193,497,RPG 123,ROSA,PC,Digital,All,2
1196,0,RPG 123,ROSA,PC,Retail,All,2
1199,3596,RPG 123,BRA,All,All,All,2
1200,1324,RPG 123,BRA,PS4,All,All,2
1201,1324,RPG 123,BRA,PS4,Digital,All,2
1204,0,RPG 123,BRA,PS4,Retail,All,2
1207,1414,RPG 123,BRA,XBOX ONE,All,All,2
1208,1414,RPG 123,BRA,XBOX ONE,Digital,All,2
1211,0,RPG 123,BRA,XBOX ONE,Retail,All,2
1214,858,RPG 123,BRA,PC,All,All,2
1215,858,RPG 123,BRA,PC,Digital,All,2
1218,0,RPG 123,BRA,PC,Retail,All,2
1114,13532,RPG 123,USA,PS4,Digital,Special,2
1117,49387,RPG 123,USA,PS4,Retail,Special,2
1121,33773,RPG 123,USA,XBOX ONE,Digital,Special,2
1124,36900,RPG 123,USA,XBOX ONE,Retail,Special,2
1128,5031,RPG 123,USA,PC,Digital,Special,2
1131,0,RPG 123,USA,PC,Retail,Special,2
1136,3002,RPG 123,CAN,PS4,Digital,Special,2
1139,5148,RPG 123,CAN,PS4,Retail,Special,2
1143,2927,RPG 123,CAN,XBOX ONE,Digital,Special,2
1146,3014,RPG 123,CAN,XBOX ONE,Retail,Special,2
1150,1089,RPG 123,CAN,PC,Digital,Special,2
1153,0,RPG 123,CAN,PC,Retail,Special,2
1158,142,RPG 123,MEX,PS4,Digital,Special,2
1161,0,RPG 123,MEX,PS4,Retail,Special,2
1165,790,RPG 123,MEX,XBOX ONE,Digital,Special,2
1168,0,RPG 123,MEX,XBOX ONE,Retail,Special,2
1172,80,RPG 123,MEX,PC,Digital,Special,2
1175,0,RPG 123,MEX,PC,Retail,Special,2
1180,295,RPG 123,ROSA,PS4,Digital,Special,2
1183,0,RPG 123,ROSA,PS4,Retail,Special,2
1187,313,RPG 123,ROSA,XBOX ONE,Digital,Special,2
1190,0,RPG 123,ROSA,XBOX ONE,Retail,Special,2
1194,330,RPG 123,ROSA,PC,Digital,Special,2
1197,0,RPG 123,ROSA,PC,Retail,Special,2
1202,609,RPG 123,BRA,PS4,Digital,Special,2
1205,0,RPG 123,BRA,PS4,Retail,Special,2
1209,798,RPG 123,BRA,XBOX ONE,Digital,Special,2
1212,0,RPG 123,BRA,XBOX ONE,Retail,Special,2
1216,641,RPG 123,BRA,PC,Digital,Special,2
1219,0,RPG 123,BRA,PC,Retail,Special,2
1115,7246,RPG 123,USA,PS4,Digital,Standard,2
1118,69579,RPG 123,USA,PS4,Retail,Standard,2
1122,11589,RPG 123,USA,XBOX ONE,Digital,Standard,2
1125,47864,RPG 123,USA,XBOX ONE,Retail,Standard,2
1129,2428,RPG 123,USA,PC,Digital,Standard,2
1132,0,RPG 123,USA,PC,Retail,Standard,2
1137,17,RPG 123,CAN,PS4,Digital,Standard,2
1140,5269,RPG 123,CAN,PS4,Retail,Standard,2
1144,956,RPG 123,CAN,XBOX ONE,Digital,Standard,2
1147,2756,RPG 123,CAN,XBOX ONE,Retail,Standard,2
1151,455,RPG 123,CAN,PC,Digital,Standard,2
1154,0,RPG 123,CAN,PC,Retail,Standard,2
1159,103,RPG 123,MEX,PS4,Digital,Standard,2
1162,0,RPG 123,MEX,PS4,Retail,Standard,2
1166,158,RPG 123,MEX,XBOX ONE,Digital,Standard,2
1169,0,RPG 123,MEX,XBOX ONE,Retail,Standard,2
1173,40,RPG 123,MEX,PC,Digital,Standard,2
1176,0,RPG 123,MEX,PC,Retail,Standard,2
1181,273,RPG 123,ROSA,PS4,Digital,Standard,2
1184,0,RPG 123,ROSA,PS4,Retail,Standard,2
1188,108,RPG 123,ROSA,XBOX ONE,Digital,Standard,2
1191,0,RPG 123,ROSA,XBOX ONE,Retail,Standard,2
1195,167,RPG 123,ROSA,PC,Digital,Standard,2
1198,0,RPG 123,ROSA,PC,Retail,Standard,2
1203,715,RPG 123,BRA,PS4,Digital,Standard,2
1206,0,RPG 123,BRA,PS4,Retail,Standard,2
1210,616,RPG 123,BRA,XBOX ONE,Digital,Standard,2
1213,0,RPG 123,BRA,XBOX ONE,Retail,Standard,2
1217,217,RPG 123,BRA,PC,Digital,Standard,2
1220,0,RPG 123,BRA,PC,Retail,Standard,2
888,267689,RPG 123,All,All,All,All,3
889,240839,RPG 123,USA,All,All,All,3
890,121038,RPG 123,USA,PS4,All,All,3
891,16846,RPG 123,USA,PS4,Digital,All,3
894,104192,RPG 123,USA,PS4,Retail,All,3
897,114093,RPG 123,USA,XBOX ONE,All,All,3
898,39564,RPG 123,USA,XBOX ONE,Digital,All,3
901,74529,RPG 123,USA,XBOX ONE,Retail,All,3
904,5708,RPG 123,USA,PC,All,All,3
905,5708,RPG 123,USA,PC,Digital,All,3
908,0,RPG 123,USA,PC,Retail,All,3
911,21747,RPG 123,CAN,All,All,All,3
912,11912,RPG 123,CAN,PS4,All,All,3
913,2491,RPG 123,CAN,PS4,Digital,All,3
916,9421,RPG 123,CAN,PS4,Retail,All,3
919,8609,RPG 123,CAN,XBOX ONE,All,All,3
920,3380,RPG 123,CAN,XBOX ONE,Digital,All,3
923,5229,RPG 123,CAN,XBOX ONE,Retail,All,3
926,1226,RPG 123,CAN,PC,All,All,3
927,1226,RPG 123,CAN,PC,Digital,All,3
930,0,RPG 123,CAN,PC,Retail,All,3
933,1096,RPG 123,MEX,All,All,All,3
934,190,RPG 123,MEX,PS4,All,All,3
935,190,RPG 123,MEX,PS4,Digital,All,3
938,0,RPG 123,MEX,PS4,Retail,All,3
941,816,RPG 123,MEX,XBOX ONE,All,All,3
942,816,RPG 123,MEX,XBOX ONE,Digital,All,3
945,0,RPG 123,MEX,XBOX ONE,Retail,All,3
948,90,RPG 123,MEX,PC,All,All,3
949,90,RPG 123,MEX,PC,Digital,All,3
952,0,RPG 123,MEX,PC,Retail,All,3
955,1241,RPG 123,ROSA,All,All,All,3
956,466,RPG 123,ROSA,PS4,All,All,3
957,466,RPG 123,ROSA,PS4,Digital,All,3
960,0,RPG 123,ROSA,PS4,Retail,All,3
963,369,RPG 123,ROSA,XBOX ONE,All,All,3
964,369,RPG 123,ROSA,XBOX ONE,Digital,All,3
967,0,RPG 123,ROSA,XBOX ONE,Retail,All,3
970,406,RPG 123,ROSA,PC,All,All,3
971,406,RPG 123,ROSA,PC,Digital,All,3
974,0,RPG 123,ROSA,PC,Retail,All,3
977,2766,RPG 123,BRA,All,All,All,3
978,940,RPG 123,BRA,PS4,All,All,3
979,940,RPG 123,BRA,PS4,Digital,All,3
982,0,RPG 123,BRA,PS4,Retail,All,3
985,1181,RPG 123,BRA,XBOX ONE,All,All,3
986,1181,RPG 123,BRA,XBOX ONE,Digital,All,3
989,0,RPG 123,BRA,XBOX ONE,Retail,All,3
992,645,RPG 123,BRA,PC,All,All,3
993,645,RPG 123,BRA,PC,Digital,All,3
996,0,RPG 123,BRA,PC,Retail,All,3
892,11331,RPG 123,USA,PS4,Digital,Special,3
895,44180,RPG 123,USA,PS4,Retail,Special,3
899,29800,RPG 123,USA,XBOX ONE,Digital,Special,3
902,32907,RPG 123,USA,XBOX ONE,Retail,Special,3
906,3909,RPG 123,USA,PC,Digital,Special,3
909,0,RPG 123,USA,PC,Retail,Special,3
914,2476,RPG 123,CAN,PS4,Digital,Special,3
917,4711,RPG 123,CAN,PS4,Retail,Special,3
921,2577,RPG 123,CAN,XBOX ONE,Digital,Special,3
924,2759,RPG 123,CAN,XBOX ONE,Retail,Special,3
928,867,RPG 123,CAN,PC,Digital,Special,3
931,0,RPG 123,CAN,PC,Retail,Special,3
936,117,RPG 123,MEX,PS4,Digital,Special,3
939,0,RPG 123,MEX,PS4,Retail,Special,3
943,685,RPG 123,MEX,XBOX ONE,Digital,Special,3
946,0,RPG 123,MEX,XBOX ONE,Retail,Special,3
950,62,RPG 123,MEX,PC,Digital,Special,3
953,0,RPG 123,MEX,PC,Retail,Special,3
958,251,RPG 123,ROSA,PS4,Digital,Special,3
961,0,RPG 123,ROSA,PS4,Retail,Special,3
965,278,RPG 123,ROSA,XBOX ONE,Digital,Special,3
968,0,RPG 123,ROSA,XBOX ONE,Retail,Special,3
972,275,RPG 123,ROSA,PC,Digital,Special,3
975,0,RPG 123,ROSA,PC,Retail,Special,3
980,437,RPG 123,BRA,PS4,Digital,Special,3
983,0,RPG 123,BRA,PS4,Retail,Special,3
987,679,RPG 123,BRA,XBOX ONE,Digital,Special,3
990,0,RPG 123,BRA,XBOX ONE,Retail,Special,3
994,487,RPG 123,BRA,PC,Digital,Special,3
997,0,RPG 123,BRA,PC,Retail,Special,3
893,5515,RPG 123,USA,PS4,Digital,Standard,3
896,60012,RPG 123,USA,PS4,Retail,Standard,3
900,9764,RPG 123,USA,XBOX ONE,Digital,Standard,3
903,41622,RPG 123,USA,XBOX ONE,Retail,Standard,3
907,1799,RPG 123,USA,PC,Digital,Standard,3
910,0,RPG 123,USA,PC,Retail,Standard,3
915,15,RPG 123,CAN,PS4,Digital,Standard,3
918,4710,RPG 123,CAN,PS4,Retail,Standard,3
922,803,RPG 123,CAN,XBOX ONE,Digital,Standard,3
925,2470,RPG 123,CAN,XBOX ONE,Retail,Standard,3
929,359,RPG 123,CAN,PC,Digital,Standard,3
932,0,RPG 123,CAN,PC,Retail,Standard,3
937,73,RPG 123,MEX,PS4,Digital,Standard,3
940,0,RPG 123,MEX,PS4,Retail,Standard,3
944,131,RPG 123,MEX,XBOX ONE,Digital,Standard,3
947,0,RPG 123,MEX,XBOX ONE,Retail,Standard,3
951,28,RPG 123,MEX,PC,Digital,Standard,3
954,0,RPG 123,MEX,PC,Retail,Standard,3
959,215,RPG 123,ROSA,PS4,Digital,Standard,3
962,0,RPG 123,ROSA,PS4,Retail,Standard,3
966,91,RPG 123,ROSA,XBOX ONE,Digital,Standard,3
969,0,RPG 123,ROSA,XBOX ONE,Retail,Standard,3
973,131,RPG 123,ROSA,PC,Digital,Standard,3
976,0,RPG 123,ROSA,PC,Retail,Standard,3
981,503,RPG 123,BRA,PS4,Digital,Standard,3
984,0,RPG 123,BRA,PS4,Retail,Standard,3
988,502,RPG 123,BRA,XBOX ONE,Digital,Standard,3
991,0,RPG 123,BRA,XBOX ONE,Retail,Standard,3
995,158,RPG 123,BRA,PC,Digital,Standard,3
998,0,RPG 123,BRA,PC,Retail,Standard,3
333,240984,RPG 123,All,All,All,All,4
334,217198,RPG 123,USA,All,All,All,4
335,109380,RPG 123,USA,PS4,All,All,4
336,14109,RPG 123,USA,PS4,Digital,All,4
339,95271,RPG 123,USA,PS4,Retail,All,4
342,103316,RPG 123,USA,XBOX ONE,All,All,4
343,35316,RPG 123,USA,XBOX ONE,Digital,All,4
346,68000,RPG 123,USA,XBOX ONE,Retail,All,4
349,4502,RPG 123,USA,PC,All,All,4
350,4502,RPG 123,USA,PC,Digital,All,4
353,0,RPG 123,USA,PC,Retail,All,4
356,19565,RPG 123,CAN,All,All,All,4
357,10787,RPG 123,CAN,PS4,All,All,4
358,2049,RPG 123,CAN,PS4,Digital,All,4
361,8738,RPG 123,CAN,PS4,Retail,All,4
364,7789,RPG 123,CAN,XBOX ONE,All,All,4
365,2988,RPG 123,CAN,XBOX ONE,Digital,All,4
368,4801,RPG 123,CAN,XBOX ONE,Retail,All,4
371,989,RPG 123,CAN,PC,All,All,4
372,989,RPG 123,CAN,PC,Digital,All,4
375,0,RPG 123,CAN,PC,Retail,All,4
378,969,RPG 123,MEX,All,All,All,4
379,154,RPG 123,MEX,PS4,All,All,4
380,154,RPG 123,MEX,PS4,Digital,All,4
383,0,RPG 123,MEX,PS4,Retail,All,4
386,749,RPG 123,MEX,XBOX ONE,All,All,4
387,749,RPG 123,MEX,XBOX ONE,Digital,All,4
390,0,RPG 123,MEX,XBOX ONE,Retail,All,4
393,66,RPG 123,MEX,PC,All,All,4
394,66,RPG 123,MEX,PC,Digital,All,4
397,0,RPG 123,MEX,PC,Retail,All,4
400,1016,RPG 123,ROSA,All,All,All,4
401,358,RPG 123,ROSA,PS4,All,All,4
402,358,RPG 123,ROSA,PS4,Digital,All,4
405,0,RPG 123,ROSA,PS4,Retail,All,4
408,336,RPG 123,ROSA,XBOX ONE,All,All,4
409,336,RPG 123,ROSA,XBOX ONE,Digital,All,4
412,0,RPG 123,ROSA,XBOX ONE,Retail,All,4
415,322,RPG 123,ROSA,PC,All,All,4
416,322,RPG 123,ROSA,PC,Digital,All,4
419,0,RPG 123,ROSA,PC,Retail,All,4
422,2236,RPG 123,BRA,All,All,All,4
423,708,RPG 123,BRA,PS4,All,All,4
424,708,RPG 123,BRA,PS4,Digital,All,4
427,0,RPG 123,BRA,PS4,Retail,All,4
430,1025,RPG 123,BRA,XBOX ONE,All,All,4
431,1025,RPG 123,BRA,XBOX ONE,Digital,All,4
434,0,RPG 123,BRA,XBOX ONE,Retail,All,4
437,503,RPG 123,BRA,PC,All,All,4
438,503,RPG 123,BRA,PC,Digital,All,4
441,0,RPG 123,BRA,PC,Retail,All,4
337,9832,RPG 123,USA,PS4,Digital,Special,4
340,40696,RPG 123,USA,PS4,Retail,Special,4
344,26932,RPG 123,USA,XBOX ONE,Digital,Special,4
347,30311,RPG 123,USA,XBOX ONE,Retail,Special,4
351,3091,RPG 123,USA,PC,Digital,Special,4
354,0,RPG 123,USA,PC,Retail,Special,4
359,2036,RPG 123,CAN,PS4,Digital,Special,4
362,4407,RPG 123,CAN,PS4,Retail,Special,4
366,2312,RPG 123,CAN,XBOX ONE,Digital,Special,4
369,2574,RPG 123,CAN,XBOX ONE,Retail,Special,4
373,712,RPG 123,CAN,PC,Digital,Special,4
376,0,RPG 123,CAN,PC,Retail,Special,4
381,95,RPG 123,MEX,PS4,Digital,Special,4
384,0,RPG 123,MEX,PS4,Retail,Special,4
388,636,RPG 123,MEX,XBOX ONE,Digital,Special,4
391,0,RPG 123,MEX,XBOX ONE,Retail,Special,4
395,47,RPG 123,MEX,PC,Digital,Special,4
398,0,RPG 123,MEX,PC,Retail,Special,4
403,190,RPG 123,ROSA,PS4,Digital,Special,4
406,0,RPG 123,ROSA,PS4,Retail,Special,4
410,256,RPG 123,ROSA,XBOX ONE,Digital,Special,4
413,0,RPG 123,ROSA,XBOX ONE,Retail,Special,4
417,222,RPG 123,ROSA,PC,Digital,Special,4
420,0,RPG 123,ROSA,PC,Retail,Special,4
425,330,RPG 123,BRA,PS4,Digital,Special,4
428,0,RPG 123,BRA,PS4,Retail,Special,4
432,604,RPG 123,BRA,XBOX ONE,Digital,Special,4
435,0,RPG 123,BRA,XBOX ONE,Retail,Special,4
439,379,RPG 123,BRA,PC,Digital,Special,4
442,0,RPG 123,BRA,PC,Retail,Special,4
338,4277,RPG 123,USA,PS4,Digital,Standard,4
341,54575,RPG 123,USA,PS4,Retail,Standard,4
345,8384,RPG 123,USA,XBOX ONE,Digital,Standard,4
348,37689,RPG 123,USA,XBOX ONE,Retail,Standard,4
352,1411,RPG 123,USA,PC,Digital,Standard,4
355,0,RPG 123,USA,PC,Retail,Standard,4
360,13,RPG 123,CAN,PS4,Digital,Standard,4
363,4331,RPG 123,CAN,PS4,Retail,Standard,4
367,676,RPG 123,CAN,XBOX ONE,Digital,Standard,4
370,2227,RPG 123,CAN,XBOX ONE,Retail,Standard,4
374,277,RPG 123,CAN,PC,Digital,Standard,4
377,0,RPG 123,CAN,PC,Retail,Standard,4
382,59,RPG 123,MEX,PS4,Digital,Standard,4
385,0,RPG 123,MEX,PS4,Retail,Standard,4
389,113,RPG 123,MEX,XBOX ONE,Digital,Standard,4
392,0,RPG 123,MEX,XBOX ONE,Retail,Standard,4
396,19,RPG 123,MEX,PC,Digital,Standard,4
399,0,RPG 123,MEX,PC,Retail,Standard,4
404,168,RPG 123,ROSA,PS4,Digital,Standard,4
407,0,RPG 123,ROSA,PS4,Retail,Standard,4
411,80,RPG 123,ROSA,XBOX ONE,Digital,Standard,4
414,0,RPG 123,ROSA,XBOX ONE,Retail,Standard,4
418,100,RPG 123,ROSA,PC,Digital,Standard,4
421,0,RPG 123,ROSA,PC,Retail,Standard,4
426,378,RPG 123,BRA,PS4,Digital,Standard,4
429,0,RPG 123,BRA,PS4,Retail,Standard,4
433,421,RPG 123,BRA,XBOX ONE,Digital,Standard,4
436,0,RPG 123,BRA,XBOX ONE,Retail,Standard,4
440,124,RPG 123,BRA,PC,Digital,Standard,4
443,0,RPG 123,BRA,PC,Retail,Standard,4
777,224449,RPG 123,All,All,All,All,5
778,202483,RPG 123,USA,All,All,All,5
779,101861,RPG 123,USA,PS4,All,All,5
780,12782,RPG 123,USA,PS4,Digital,All,5
783,89079,RPG 123,USA,PS4,Retail,All,5
786,96902,RPG 123,USA,XBOX ONE,All,All,5
787,33490,RPG 123,USA,XBOX ONE,Digital,All,5
790,63412,RPG 123,USA,XBOX ONE,Retail,All,5
793,3720,RPG 123,USA,PC,All,All,5
794,3720,RPG 123,USA,PC,Digital,All,5
797,0,RPG 123,USA,PC,Retail,All,5
800,18122,RPG 123,CAN,All,All,All,5
801,10030,RPG 123,CAN,PS4,All,All,5
802,1827,RPG 123,CAN,PS4,Digital,All,5
805,8203,RPG 123,CAN,PS4,Retail,All,5
808,7263,RPG 123,CAN,XBOX ONE,All,All,5
809,2773,RPG 123,CAN,XBOX ONE,Digital,All,5
812,4490,RPG 123,CAN,XBOX ONE,Retail,All,5
815,829,RPG 123,CAN,PC,All,All,5
816,829,RPG 123,CAN,PC,Digital,All,5
819,0,RPG 123,CAN,PC,Retail,All,5
822,913,RPG 123,MEX,All,All,All,5
823,137,RPG 123,MEX,PS4,All,All,5
824,137,RPG 123,MEX,PS4,Digital,All,5
827,0,RPG 123,MEX,PS4,Retail,All,5
830,715,RPG 123,MEX,XBOX ONE,All,All,5
831,715,RPG 123,MEX,XBOX ONE,Digital,All,5
834,0,RPG 123,MEX,XBOX ONE,Retail,All,5
837,61,RPG 123,MEX,PC,All,All,5
838,61,RPG 123,MEX,PC,Digital,All,5
841,0,RPG 123,MEX,PC,Retail,All,5
844,908,RPG 123,ROSA,All,All,All,5
845,323,RPG 123,ROSA,PS4,All,All,5
846,323,RPG 123,ROSA,PS4,Digital,All,5
849,0,RPG 123,ROSA,PS4,Retail,All,5
852,309,RPG 123,ROSA,XBOX ONE,All,All,5
853,309,RPG 123,ROSA,XBOX ONE,Digital,All,5
856,0,RPG 123,ROSA,XBOX ONE,Retail,All,5
859,276,RPG 123,ROSA,PC,All,All,5
860,276,RPG 123,ROSA,PC,Digital,All,5
863,0,RPG 123,ROSA,PC,Retail,All,5
866,2023,RPG 123,BRA,All,All,All,5
867,629,RPG 123,BRA,PS4,All,All,5
868,629,RPG 123,BRA,PS4,Digital,All,5
871,0,RPG 123,BRA,PS4,Retail,All,5
874,963,RPG 123,BRA,XBOX ONE,All,All,5
875,963,RPG 123,BRA,XBOX ONE,Digital,All,5
878,0,RPG 123,BRA,XBOX ONE,Retail,All,5
881,431,RPG 123,BRA,PC,All,All,5
882,431,RPG 123,BRA,PC,Digital,All,5
885,0,RPG 123,BRA,PC,Retail,All,5
781,9038,RPG 123,USA,PS4,Digital,Special,5
784,38223,RPG 123,USA,PS4,Retail,Special,5
788,25685,RPG 123,USA,XBOX ONE,Digital,Special,5
791,28150,RPG 123,USA,XBOX ONE,Retail,Special,5
795,2613,RPG 123,USA,PC,Digital,Special,5
798,0,RPG 123,USA,PC,Retail,Special,5
803,1816,RPG 123,CAN,PS4,Digital,Special,5
806,4199,RPG 123,CAN,PS4,Retail,Special,5
810,2149,RPG 123,CAN,XBOX ONE,Digital,Special,5
813,2434,RPG 123,CAN,XBOX ONE,Retail,Special,5
817,595,RPG 123,CAN,PC,Digital,Special,5
820,0,RPG 123,CAN,PC,Retail,Special,5
825,83,RPG 123,MEX,PS4,Digital,Special,5
828,0,RPG 123,MEX,PS4,Retail,Special,5
832,608,RPG 123,MEX,XBOX ONE,Digital,Special,5
835,0,RPG 123,MEX,XBOX ONE,Retail,Special,5
839,44,RPG 123,MEX,PC,Digital,Special,5
842,0,RPG 123,MEX,PC,Retail,Special,5
847,171,RPG 123,ROSA,PS4,Digital,Special,5
850,0,RPG 123,ROSA,PS4,Retail,Special,5
854,234,RPG 123,ROSA,XBOX ONE,Digital,Special,5
857,0,RPG 123,ROSA,XBOX ONE,Retail,Special,5
861,191,RPG 123,ROSA,PC,Digital,Special,5
864,0,RPG 123,ROSA,PC,Retail,Special,5
869,288,RPG 123,BRA,PS4,Digital,Special,5
872,0,RPG 123,BRA,PS4,Retail,Special,5
876,565,RPG 123,BRA,XBOX ONE,Digital,Special,5
879,0,RPG 123,BRA,XBOX ONE,Retail,Special,5
883,330,RPG 123,BRA,PC,Digital,Special,5
886,0,RPG 123,BRA,PC,Retail,Special,5
782,3744,RPG 123,USA,PS4,Digital,Standard,5
785,50856,RPG 123,USA,PS4,Retail,Standard,5
789,7805,RPG 123,USA,XBOX ONE,Digital,Standard,5
792,35262,RPG 123,USA,XBOX ONE,Retail,Standard,5
796,1107,RPG 123,USA,PC,Digital,Standard,5
799,0,RPG 123,USA,PC,Retail,Standard,5
804,11,RPG 123,CAN,PS4,Digital,Standard,5
807,4004,RPG 123,CAN,PS4,Retail,Standard,5
811,624,RPG 123,CAN,XBOX ONE,Digital,Standard,5
814,2056,RPG 123,CAN,XBOX ONE,Retail,Standard,5
818,234,RPG 123,CAN,PC,Digital,Standard,5
821,0,RPG 123,CAN,PC,Retail,Standard,5
826,54,RPG 123,MEX,PS4,Digital,Standard,5
829,0,RPG 123,MEX,PS4,Retail,Standard,5
833,107,RPG 123,MEX,XBOX ONE,Digital,Standard,5
836,0,RPG 123,MEX,XBOX ONE,Retail,Standard,5
840,17,RPG 123,MEX,PC,Digital,Standard,5
843,0,RPG 123,MEX,PC,Retail,Standard,5
848,152,RPG 123,ROSA,PS4,Digital,Standard,5
851,0,RPG 123,ROSA,PS4,Retail,Standard,5
855,75,RPG 123,ROSA,XBOX ONE,Digital,Standard,5
858,0,RPG 123,ROSA,XBOX ONE,Retail,Standard,5
862,85,RPG 123,ROSA,PC,Digital,Standard,5
865,0,RPG 123,ROSA,PC,Retail,Standard,5
870,341,RPG 123,BRA,PS4,Digital,Standard,5
873,0,RPG 123,BRA,PS4,Retail,Standard,5
877,398,RPG 123,BRA,XBOX ONE,Digital,Standard,5
880,0,RPG 123,BRA,XBOX ONE,Retail,Standard,5
884,101,RPG 123,BRA,PC,Digital,Standard,5
887,0,RPG 123,BRA,PC,Retail,Standard,5
1776,210753,RPG 123,All,All,All,All,6
1777,190355,RPG 123,USA,All,All,All,6
1778,95595,RPG 123,USA,PS4,All,All,6
1779,11617,RPG 123,USA,PS4,Digital,All,6
1782,83978,RPG 123,USA,PS4,Retail,All,6
1785,91372,RPG 123,USA,XBOX ONE,All,All,6
1786,31964,RPG 123,USA,XBOX ONE,Digital,All,6
1789,59408,RPG 123,USA,XBOX ONE,Retail,All,6
1792,3388,RPG 123,USA,PC,All,All,6
1793,3388,RPG 123,USA,PC,Digital,All,6
1796,0,RPG 123,USA,PC,Retail,All,6
1799,16860,RPG 123,CAN,All,All,All,6
1800,9322,RPG 123,CAN,PS4,All,All,6
1801,1665,RPG 123,CAN,PS4,Digital,All,6
1804,7657,RPG 123,CAN,PS4,Retail,All,6
1807,6818,RPG 123,CAN,XBOX ONE,All,All,6
1808,2630,RPG 123,CAN,XBOX ONE,Digital,All,6
1811,4188,RPG 123,CAN,XBOX ONE,Retail,All,6
1814,720,RPG 123,CAN,PC,All,All,6
1815,720,RPG 123,CAN,PC,Digital,All,6
1818,0,RPG 123,CAN,PC,Retail,All,6
1821,842,RPG 123,MEX,All,All,All,6
1822,120,RPG 123,MEX,PS4,All,All,6
1823,120,RPG 123,MEX,PS4,Digital,All,6
1826,0,RPG 123,MEX,PS4,Retail,All,6
1829,665,RPG 123,MEX,XBOX ONE,All,All,6
1830,665,RPG 123,MEX,XBOX ONE,Digital,All,6
1833,0,RPG 123,MEX,XBOX ONE,Retail,All,6
1836,57,RPG 123,MEX,PC,All,All,6
1837,57,RPG 123,MEX,PC,Digital,All,6
1840,0,RPG 123,MEX,PC,Retail,All,6
1843,823,RPG 123,ROSA,All,All,All,6
1844,279,RPG 123,ROSA,PS4,All,All,6
1845,279,RPG 123,ROSA,PS4,Digital,All,6
1848,0,RPG 123,ROSA,PS4,Retail,All,6
1851,299,RPG 123,ROSA,XBOX ONE,All,All,6
1852,299,RPG 123,ROSA,XBOX ONE,Digital,All,6
1855,0,RPG 123,ROSA,XBOX ONE,Retail,All,6
1858,245,RPG 123,ROSA,PC,All,All,6
1859,245,RPG 123,ROSA,PC,Digital,All,6
1862,0,RPG 123,ROSA,PC,Retail,All,6
1865,1873,RPG 123,BRA,All,All,All,6
1866,564,RPG 123,BRA,PS4,All,All,6
1867,564,RPG 123,BRA,PS4,Digital,All,6
1870,0,RPG 123,BRA,PS4,Retail,All,6
1873,910,RPG 123,BRA,XBOX ONE,All,All,6
1874,910,RPG 123,BRA,XBOX ONE,Digital,All,6
1877,0,RPG 123,BRA,XBOX ONE,Retail,All,6
1880,399,RPG 123,BRA,PC,All,All,6
1881,399,RPG 123,BRA,PC,Digital,All,6
1884,0,RPG 123,BRA,PC,Retail,All,6
1780,8329,RPG 123,USA,PS4,Digital,Special,6
1783,36373,RPG 123,USA,PS4,Retail,Special,6
1787,24618,RPG 123,USA,XBOX ONE,Digital,Special,6
1790,26603,RPG 123,USA,XBOX ONE,Retail,Special,6
1794,2386,RPG 123,USA,PC,Digital,Special,6
1797,0,RPG 123,USA,PC,Retail,Special,6
1802,1655,RPG 123,CAN,PS4,Digital,Special,6
1805,3960,RPG 123,CAN,PS4,Retail,Special,6
1809,2045,RPG 123,CAN,XBOX ONE,Digital,Special,6
1812,2289,RPG 123,CAN,XBOX ONE,Retail,Special,6
1816,515,RPG 123,CAN,PC,Digital,Special,6
1819,0,RPG 123,CAN,PC,Retail,Special,6
1824,68,RPG 123,MEX,PS4,Digital,Special,6
1827,0,RPG 123,MEX,PS4,Retail,Special,6
1831,566,RPG 123,MEX,XBOX ONE,Digital,Special,6
1834,0,RPG 123,MEX,XBOX ONE,Retail,Special,6
1838,40,RPG 123,MEX,PC,Digital,Special,6
1841,0,RPG 123,MEX,PC,Retail,Special,6
1846,154,RPG 123,ROSA,PS4,Digital,Special,6
1849,0,RPG 123,ROSA,PS4,Retail,Special,6
1853,230,RPG 123,ROSA,XBOX ONE,Digital,Special,6
1856,0,RPG 123,ROSA,XBOX ONE,Retail,Special,6
1860,168,RPG 123,ROSA,PC,Digital,Special,6
1863,0,RPG 123,ROSA,PC,Retail,Special,6
1868,255,RPG 123,BRA,PS4,Digital,Special,6
1871,0,RPG 123,BRA,PS4,Retail,Special,6
1875,541,RPG 123,BRA,XBOX ONE,Digital,Special,6
1878,0,RPG 123,BRA,XBOX ONE,Retail,Special,6
1882,306,RPG 123,BRA,PC,Digital,Special,6
1885,0,RPG 123,BRA,PC,Retail,Special,6
1781,3288,RPG 123,USA,PS4,Digital,Standard,6
1784,47605,RPG 123,USA,PS4,Retail,Standard,6
1788,7346,RPG 123,USA,XBOX ONE,Digital,Standard,6
1791,32805,RPG 123,USA,XBOX ONE,Retail,Standard,6
1795,1002,RPG 123,USA,PC,Digital,Standard,6
1798,0,RPG 123,USA,PC,Retail,Standard,6
1803,10,RPG 123,CAN,PS4,Digital,Standard,6
1806,3697,RPG 123,CAN,PS4,Retail,Standard,6
1810,585,RPG 123,CAN,XBOX ONE,Digital,Standard,6
1813,1899,RPG 123,CAN,XBOX ONE,Retail,Standard,6
1817,205,RPG 123,CAN,PC,Digital,Standard,6
1820,0,RPG 123,CAN,PC,Retail,Standard,6
1825,52,RPG 123,MEX,PS4,Digital,Standard,6
1828,0,RPG 123,MEX,PS4,Retail,Standard,6
1832,99,RPG 123,MEX,XBOX ONE,Digital,Standard,6
1835,0,RPG 123,MEX,XBOX ONE,Retail,Standard,6
1839,17,RPG 123,MEX,PC,Digital,Standard,6
1842,0,RPG 123,MEX,PC,Retail,Standard,6
1847,125,RPG 123,ROSA,PS4,Digital,Standard,6
1850,0,RPG 123,ROSA,PS4,Retail,Standard,6
1854,69,RPG 123,ROSA,XBOX ONE,Digital,Standard,6
1857,0,RPG 123,ROSA,XBOX ONE,Retail,Standard,6
1861,77,RPG 123,ROSA,PC,Digital,Standard,6
1864,0,RPG 123,ROSA,PC,Retail,Standard,6
1869,309,RPG 123,BRA,PS4,Digital,Standard,6
1872,0,RPG 123,BRA,PS4,Retail,Standard,6
1876,369,RPG 123,BRA,XBOX ONE,Digital,Standard,6
1879,0,RPG 123,BRA,XBOX ONE,Retail,Standard,6
1883,93,RPG 123,BRA,PC,Digital,Standard,6
1886,0,RPG 123,BRA,PC,Retail,Standard,6
666,197982,RPG 123,All,All,All,All,7
667,179460,RPG 123,USA,All,All,All,7
668,89960,RPG 123,USA,PS4,All,All,7
669,10849,RPG 123,USA,PS4,Digital,All,7
672,79111,RPG 123,USA,PS4,Retail,All,7
675,86440,RPG 123,USA,XBOX ONE,All,All,7
676,30489,RPG 123,USA,XBOX ONE,Digital,All,7
679,55951,RPG 123,USA,XBOX ONE,Retail,All,7
682,3060,RPG 123,USA,PC,All,All,7
683,3060,RPG 123,USA,PC,Digital,All,7
686,0,RPG 123,USA,PC,Retail,All,7
689,15227,RPG 123,CAN,All,All,All,7
690,8347,RPG 123,CAN,PS4,All,All,7
691,1523,RPG 123,CAN,PS4,Digital,All,7
694,6824,RPG 123,CAN,PS4,Retail,All,7
697,6234,RPG 123,CAN,XBOX ONE,All,All,7
698,2478,RPG 123,CAN,XBOX ONE,Digital,All,7
701,3756,RPG 123,CAN,XBOX ONE,Retail,All,7
704,646,RPG 123,CAN,PC,All,All,7
705,646,RPG 123,CAN,PC,Digital,All,7
708,0,RPG 123,CAN,PC,Retail,All,7
711,791,RPG 123,MEX,All,All,All,7
712,109,RPG 123,MEX,PS4,All,All,7
713,109,RPG 123,MEX,PS4,Digital,All,7
716,0,RPG 123,MEX,PS4,Retail,All,7
719,627,RPG 123,MEX,XBOX ONE,All,All,7
720,627,RPG 123,MEX,XBOX ONE,Digital,All,7
723,0,RPG 123,MEX,XBOX ONE,Retail,All,7
726,55,RPG 123,MEX,PC,All,All,7
727,55,RPG 123,MEX,PC,Digital,All,7
730,0,RPG 123,MEX,PC,Retail,All,7
733,767,RPG 123,ROSA,All,All,All,7
734,253,RPG 123,ROSA,PS4,All,All,7
735,253,RPG 123,ROSA,PS4,Digital,All,7
738,0,RPG 123,ROSA,PS4,Retail,All,7
741,284,RPG 123,ROSA,XBOX ONE,All,All,7
742,284,RPG 123,ROSA,XBOX ONE,Digital,All,7
745,0,RPG 123,ROSA,XBOX ONE,Retail,All,7
748,230,RPG 123,ROSA,PC,All,All,7
749,230,RPG 123,ROSA,PC,Digital,All,7
752,0,RPG 123,ROSA,PC,Retail,All,7
755,1737,RPG 123,BRA,All,All,All,7
756,522,RPG 123,BRA,PS4,All,All,7
757,522,RPG 123,BRA,PS4,Digital,All,7
760,0,RPG 123,BRA,PS4,Retail,All,7
763,850,RPG 123,BRA,XBOX ONE,All,All,7
764,850,RPG 123,BRA,XBOX ONE,Digital,All,7
767,0,RPG 123,BRA,XBOX ONE,Retail,All,7
770,365,RPG 123,BRA,PC,All,All,7
771,365,RPG 123,BRA,PC,Digital,All,7
774,0,RPG 123,BRA,PC,Retail,All,7
670,7833,RPG 123,USA,PS4,Digital,Special,7
673,34608,RPG 123,USA,PS4,Retail,Special,7
677,23602,RPG 123,USA,XBOX ONE,Digital,Special,7
680,25187,RPG 123,USA,XBOX ONE,Retail,Special,7
684,2153,RPG 123,USA,PC,Digital,Special,7
687,0,RPG 123,USA,PC,Retail,Special,7
692,1517,RPG 123,CAN,PS4,Digital,Special,7
695,3662,RPG 123,CAN,PS4,Retail,Special,7
699,1935,RPG 123,CAN,XBOX ONE,Digital,Special,7
702,2106,RPG 123,CAN,XBOX ONE,Retail,Special,7
706,465,RPG 123,CAN,PC,Digital,Special,7
709,0,RPG 123,CAN,PC,Retail,Special,7
714,61,RPG 123,MEX,PS4,Digital,Special,7
717,0,RPG 123,MEX,PS4,Retail,Special,7
721,532,RPG 123,MEX,XBOX ONE,Digital,Special,7
724,0,RPG 123,MEX,XBOX ONE,Retail,Special,7
728,38,RPG 123,MEX,PC,Digital,Special,7
731,0,RPG 123,MEX,PC,Retail,Special,7
736,140,RPG 123,ROSA,PS4,Digital,Special,7
739,0,RPG 123,ROSA,PS4,Retail,Special,7
743,216,RPG 123,ROSA,XBOX ONE,Digital,Special,7
746,0,RPG 123,ROSA,XBOX ONE,Retail,Special,7
750,159,RPG 123,ROSA,PC,Digital,Special,7
753,0,RPG 123,ROSA,PC,Retail,Special,7
758,240,RPG 123,BRA,PS4,Digital,Special,7
761,0,RPG 123,BRA,PS4,Retail,Special,7
765,512,RPG 123,BRA,XBOX ONE,Digital,Special,7
768,0,RPG 123,BRA,XBOX ONE,Retail,Special,7
772,279,RPG 123,BRA,PC,Digital,Special,7
775,0,RPG 123,BRA,PC,Retail,Special,7
671,3016,RPG 123,USA,PS4,Digital,Standard,7
674,44503,RPG 123,USA,PS4,Retail,Standard,7
678,6887,RPG 123,USA,XBOX ONE,Digital,Standard,7
681,30764,RPG 123,USA,XBOX ONE,Retail,Standard,7
685,907,RPG 123,USA,PC,Digital,Standard,7
688,0,RPG 123,USA,PC,Retail,Standard,7
693,6,RPG 123,CAN,PS4,Digital,Standard,7
696,3162,RPG 123,CAN,PS4,Retail,Standard,7
700,543,RPG 123,CAN,XBOX ONE,Digital,Standard,7
703,1650,RPG 123,CAN,XBOX ONE,Retail,Standard,7
707,181,RPG 123,CAN,PC,Digital,Standard,7
710,0,RPG 123,CAN,PC,Retail,Standard,7
715,48,RPG 123,MEX,PS4,Digital,Standard,7
718,0,RPG 123,MEX,PS4,Retail,Standard,7
722,95,RPG 123,MEX,XBOX ONE,Digital,Standard,7
725,0,RPG 123,MEX,XBOX ONE,Retail,Standard,7
729,17,RPG 123,MEX,PC,Digital,Standard,7
732,0,RPG 123,MEX,PC,Retail,Standard,7
737,113,RPG 123,ROSA,PS4,Digital,Standard,7
740,0,RPG 123,ROSA,PS4,Retail,Standard,7
744,68,RPG 123,ROSA,XBOX ONE,Digital,Standard,7
747,0,RPG 123,ROSA,XBOX ONE,Retail,Standard,7
751,71,RPG 123,ROSA,PC,Digital,Standard,7
754,0,RPG 123,ROSA,PC,Retail,Standard,7
759,282,RPG 123,BRA,PS4,Digital,Standard,7
762,0,RPG 123,BRA,PS4,Retail,Standard,7
766,338,RPG 123,BRA,XBOX ONE,Digital,Standard,7
769,0,RPG 123,BRA,XBOX ONE,Retail,Standard,7
773,86,RPG 123,BRA,PC,Digital,Standard,7
776,0,RPG 123,BRA,PC,Retail,Standard,7
1665,183303,RPG 123,All,All,All,All,8
1666,166229,RPG 123,USA,All,All,All,8
1667,83434,RPG 123,USA,PS4,All,All,8
1668,9876,RPG 123,USA,PS4,Digital,All,8
1671,73558,RPG 123,USA,PS4,Retail,All,8
1674,80055,RPG 123,USA,XBOX ONE,All,All,8
1675,28178,RPG 123,USA,XBOX ONE,Digital,All,8
1678,51877,RPG 123,USA,XBOX ONE,Retail,All,8
1681,2740,RPG 123,USA,PC,All,All,8
1682,2740,RPG 123,USA,PC,Digital,All,8
1685,0,RPG 123,USA,PC,Retail,All,8
1688,14047,RPG 123,CAN,All,All,All,8
1689,7692,RPG 123,CAN,PS4,All,All,8
1690,1371,RPG 123,CAN,PS4,Digital,All,8
1693,6321,RPG 123,CAN,PS4,Retail,All,8
1696,5769,RPG 123,CAN,XBOX ONE,All,All,8
1697,2305,RPG 123,CAN,XBOX ONE,Digital,All,8
1700,3464,RPG 123,CAN,XBOX ONE,Retail,All,8
1703,586,RPG 123,CAN,PC,All,All,8
1704,586,RPG 123,CAN,PC,Digital,All,8
1707,0,RPG 123,CAN,PC,Retail,All,8
1710,721,RPG 123,MEX,All,All,All,8
1711,102,RPG 123,MEX,PS4,All,All,8
1712,102,RPG 123,MEX,PS4,Digital,All,8
1715,0,RPG 123,MEX,PS4,Retail,All,8
1718,569,RPG 123,MEX,XBOX ONE,All,All,8
1719,569,RPG 123,MEX,XBOX ONE,Digital,All,8
1722,0,RPG 123,MEX,XBOX ONE,Retail,All,8
1725,50,RPG 123,MEX,PC,All,All,8
1726,50,RPG 123,MEX,PC,Digital,All,8
1729,0,RPG 123,MEX,PC,Retail,All,8
1732,706,RPG 123,ROSA,All,All,All,8
1733,231,RPG 123,ROSA,PS4,All,All,8
1734,231,RPG 123,ROSA,PS4,Digital,All,8
1737,0,RPG 123,ROSA,PS4,Retail,All,8
1740,267,RPG 123,ROSA,XBOX ONE,All,All,8
1741,267,RPG 123,ROSA,XBOX ONE,Digital,All,8
1744,0,RPG 123,ROSA,XBOX ONE,Retail,All,8
1747,208,RPG 123,ROSA,PC,All,All,8
1748,208,RPG 123,ROSA,PC,Digital,All,8
1751,0,RPG 123,ROSA,PC,Retail,All,8
1754,1600,RPG 123,BRA,All,All,All,8
1755,479,RPG 123,BRA,PS4,All,All,8
1756,479,RPG 123,BRA,PS4,Digital,All,8
1759,0,RPG 123,BRA,PS4,Retail,All,8
1762,788,RPG 123,BRA,XBOX ONE,All,All,8
1763,788,RPG 123,BRA,XBOX ONE,Digital,All,8
1766,0,RPG 123,BRA,XBOX ONE,Retail,All,8
1769,333,RPG 123,BRA,PC,All,All,8
1770,333,RPG 123,BRA,PC,Digital,All,8
1773,0,RPG 123,BRA,PC,Retail,All,8
1669,7224,RPG 123,USA,PS4,Digital,Special,8
1672,32619,RPG 123,USA,PS4,Retail,Special,8
1676,21904,RPG 123,USA,XBOX ONE,Digital,Special,8
1679,23617,RPG 123,USA,XBOX ONE,Retail,Special,8
1683,1938,RPG 123,USA,PC,Digital,Special,8
1686,0,RPG 123,USA,PC,Retail,Special,8
1691,1365,RPG 123,CAN,PS4,Digital,Special,8
1694,3452,RPG 123,CAN,PS4,Retail,Special,8
1698,1809,RPG 123,CAN,XBOX ONE,Digital,Special,8
1701,1977,RPG 123,CAN,XBOX ONE,Retail,Special,8
1705,425,RPG 123,CAN,PC,Digital,Special,8
1708,0,RPG 123,CAN,PC,Retail,Special,8
1713,56,RPG 123,MEX,PS4,Digital,Special,8
1716,0,RPG 123,MEX,PS4,Retail,Special,8
1720,489,RPG 123,MEX,XBOX ONE,Digital,Special,8
1723,0,RPG 123,MEX,XBOX ONE,Retail,Special,8
1727,34,RPG 123,MEX,PC,Digital,Special,8
1730,0,RPG 123,MEX,PC,Retail,Special,8
1735,129,RPG 123,ROSA,PS4,Digital,Special,8
1738,0,RPG 123,ROSA,PS4,Retail,Special,8
1742,200,RPG 123,ROSA,XBOX ONE,Digital,Special,8
1745,0,RPG 123,ROSA,XBOX ONE,Retail,Special,8
1749,143,RPG 123,ROSA,PC,Digital,Special,8
1752,0,RPG 123,ROSA,PC,Retail,Special,8
1757,217,RPG 123,BRA,PS4,Digital,Special,8
1760,0,RPG 123,BRA,PS4,Retail,Special,8
1764,479,RPG 123,BRA,XBOX ONE,Digital,Special,8
1767,0,RPG 123,BRA,XBOX ONE,Retail,Special,8
1771,254,RPG 123,BRA,PC,Digital,Special,8
1774,0,RPG 123,BRA,PC,Retail,Special,8
1670,2652,RPG 123,USA,PS4,Digital,Standard,8
1673,40939,RPG 123,USA,PS4,Retail,Standard,8
1677,6274,RPG 123,USA,XBOX ONE,Digital,Standard,8
1680,28260,RPG 123,USA,XBOX ONE,Retail,Standard,8
1684,802,RPG 123,USA,PC,Digital,Standard,8
1687,0,RPG 123,USA,PC,Retail,Standard,8
1692,6,RPG 123,CAN,PS4,Digital,Standard,8
1695,2869,RPG 123,CAN,PS4,Retail,Standard,8
1699,496,RPG 123,CAN,XBOX ONE,Digital,Standard,8
1702,1487,RPG 123,CAN,XBOX ONE,Retail,Standard,8
1706,161,RPG 123,CAN,PC,Digital,Standard,8
1709,0,RPG 123,CAN,PC,Retail,Standard,8
1714,46,RPG 123,MEX,PS4,Digital,Standard,8
1717,0,RPG 123,MEX,PS4,Retail,Standard,8
1721,80,RPG 123,MEX,XBOX ONE,Digital,Standard,8
1724,0,RPG 123,MEX,XBOX ONE,Retail,Standard,8
1728,16,RPG 123,MEX,PC,Digital,Standard,8
1731,0,RPG 123,MEX,PC,Retail,Standard,8
1736,102,RPG 123,ROSA,PS4,Digital,Standard,8
1739,0,RPG 123,ROSA,PS4,Retail,Standard,8
1743,67,RPG 123,ROSA,XBOX ONE,Digital,Standard,8
1746,0,RPG 123,ROSA,XBOX ONE,Retail,Standard,8
1750,65,RPG 123,ROSA,PC,Digital,Standard,8
1753,0,RPG 123,ROSA,PC,Retail,Standard,8
1758,262,RPG 123,BRA,PS4,Digital,Standard,8
1761,0,RPG 123,BRA,PS4,Retail,Standard,8
1765,309,RPG 123,BRA,XBOX ONE,Digital,Standard,8
1768,0,RPG 123,BRA,XBOX ONE,Retail,Standard,8
1772,79,RPG 123,BRA,PC,Digital,Standard,8
1775,0,RPG 123,BRA,PC,Retail,Standard,8
555,171032,RPG 123,All,All,All,All,9
556,155154,RPG 123,USA,All,All,All,9
557,77769,RPG 123,USA,PS4,All,All,9
558,8949,RPG 123,USA,PS4,Digital,All,9
561,68820,RPG 123,USA,PS4,Retail,All,9
564,74986,RPG 123,USA,XBOX ONE,All,All,9
565,26580,RPG 123,USA,XBOX ONE,Digital,All,9
568,48406,RPG 123,USA,XBOX ONE,Retail,All,9
571,2399,RPG 123,USA,PC,All,All,9
572,2399,RPG 123,USA,PC,Digital,All,9
575,0,RPG 123,USA,PC,Retail,All,9
578,13117,RPG 123,CAN,All,All,All,9
579,7188,RPG 123,CAN,PS4,All,All,9
580,1257,RPG 123,CAN,PS4,Digital,All,9
583,5931,RPG 123,CAN,PS4,Retail,All,9
586,5406,RPG 123,CAN,XBOX ONE,All,All,9
587,2162,RPG 123,CAN,XBOX ONE,Digital,All,9
590,3244,RPG 123,CAN,XBOX ONE,Retail,All,9
593,523,RPG 123,CAN,PC,All,All,9
594,523,RPG 123,CAN,PC,Digital,All,9
597,0,RPG 123,CAN,PC,Retail,All,9
600,679,RPG 123,MEX,All,All,All,9
601,88,RPG 123,MEX,PS4,All,All,9
602,88,RPG 123,MEX,PS4,Digital,All,9
605,0,RPG 123,MEX,PS4,Retail,All,9
608,547,RPG 123,MEX,XBOX ONE,All,All,9
609,547,RPG 123,MEX,XBOX ONE,Digital,All,9
612,0,RPG 123,MEX,XBOX ONE,Retail,All,9
615,44,RPG 123,MEX,PC,All,All,9
616,44,RPG 123,MEX,PC,Digital,All,9
619,0,RPG 123,MEX,PC,Retail,All,9
622,637,RPG 123,ROSA,All,All,All,9
623,208,RPG 123,ROSA,PS4,All,All,9
624,208,RPG 123,ROSA,PS4,Digital,All,9
627,0,RPG 123,ROSA,PS4,Retail,All,9
630,245,RPG 123,ROSA,XBOX ONE,All,All,9
631,245,RPG 123,ROSA,XBOX ONE,Digital,All,9
634,0,RPG 123,ROSA,XBOX ONE,Retail,All,9
637,184,RPG 123,ROSA,PC,All,All,9
638,184,RPG 123,ROSA,PC,Digital,All,9
641,0,RPG 123,ROSA,PC,Retail,All,9
644,1445,RPG 123,BRA,All,All,All,9
645,414,RPG 123,BRA,PS4,All,All,9
646,414,RPG 123,BRA,PS4,Digital,All,9
649,0,RPG 123,BRA,PS4,Retail,All,9
652,730,RPG 123,BRA,XBOX ONE,All,All,9
653,730,RPG 123,BRA,XBOX ONE,Digital,All,9
656,0,RPG 123,BRA,XBOX ONE,Retail,All,9
659,301,RPG 123,BRA,PC,All,All,9
660,301,RPG 123,BRA,PC,Digital,All,9
663,0,RPG 123,BRA,PC,Retail,All,9
559,6616,RPG 123,USA,PS4,Digital,Special,9
562,30805,RPG 123,USA,PS4,Retail,Special,9
566,20771,RPG 123,USA,XBOX ONE,Digital,Special,9
569,22138,RPG 123,USA,XBOX ONE,Retail,Special,9
573,1703,RPG 123,USA,PC,Digital,Special,9
576,0,RPG 123,USA,PC,Retail,Special,9
581,1253,RPG 123,CAN,PS4,Digital,Special,9
584,3277,RPG 123,CAN,PS4,Retail,Special,9
588,1705,RPG 123,CAN,XBOX ONE,Digital,Special,9
591,1863,RPG 123,CAN,XBOX ONE,Retail,Special,9
595,384,RPG 123,CAN,PC,Digital,Special,9
598,0,RPG 123,CAN,PC,Retail,Special,9
603,52,RPG 123,MEX,PS4,Digital,Special,9
606,0,RPG 123,MEX,PS4,Retail,Special,9
610,469,RPG 123,MEX,XBOX ONE,Digital,Special,9
613,0,RPG 123,MEX,XBOX ONE,Retail,Special,9
617,33,RPG 123,MEX,PC,Digital,Special,9
620,0,RPG 123,MEX,PC,Retail,Special,9
625,117,RPG 123,ROSA,PS4,Digital,Special,9
628,0,RPG 123,ROSA,PS4,Retail,Special,9
632,182,RPG 123,ROSA,XBOX ONE,Digital,Special,9
635,0,RPG 123,ROSA,XBOX ONE,Retail,Special,9
639,129,RPG 123,ROSA,PC,Digital,Special,9
642,0,RPG 123,ROSA,PC,Retail,Special,9
647,188,RPG 123,BRA,PS4,Digital,Special,9
650,0,RPG 123,BRA,PS4,Retail,Special,9
654,445,RPG 123,BRA,XBOX ONE,Digital,Special,9
657,0,RPG 123,BRA,XBOX ONE,Retail,Special,9
661,228,RPG 123,BRA,PC,Digital,Special,9
664,0,RPG 123,BRA,PC,Retail,Special,9
560,2333,RPG 123,USA,PS4,Digital,Standard,9
563,38015,RPG 123,USA,PS4,Retail,Standard,9
567,5809,RPG 123,USA,XBOX ONE,Digital,Standard,9
570,26268,RPG 123,USA,XBOX ONE,Retail,Standard,9
574,696,RPG 123,USA,PC,Digital,Standard,9
577,0,RPG 123,USA,PC,Retail,Standard,9
582,4,RPG 123,CAN,PS4,Digital,Standard,9
585,2654,RPG 123,CAN,PS4,Retail,Standard,9
589,457,RPG 123,CAN,XBOX ONE,Digital,Standard,9
592,1381,RPG 123,CAN,XBOX ONE,Retail,Standard,9
596,139,RPG 123,CAN,PC,Digital,Standard,9
599,0,RPG 123,CAN,PC,Retail,Standard,9
604,36,RPG 123,MEX,PS4,Digital,Standard,9
607,0,RPG 123,MEX,PS4,Retail,Standard,9
611,78,RPG 123,MEX,XBOX ONE,Digital,Standard,9
614,0,RPG 123,MEX,XBOX ONE,Retail,Standard,9
618,11,RPG 123,MEX,PC,Digital,Standard,9
621,0,RPG 123,MEX,PC,Retail,Standard,9
626,91,RPG 123,ROSA,PS4,Digital,Standard,9
629,0,RPG 123,ROSA,PS4,Retail,Standard,9
633,63,RPG 123,ROSA,XBOX ONE,Digital,Standard,9
636,0,RPG 123,ROSA,XBOX ONE,Retail,Standard,9
640,55,RPG 123,ROSA,PC,Digital,Standard,9
643,0,RPG 123,ROSA,PC,Retail,Standard,9
648,226,RPG 123,BRA,PS4,Digital,Standard,9
651,0,RPG 123,BRA,PS4,Retail,Standard,9
655,285,RPG 123,BRA,XBOX ONE,Digital,Standard,9
658,0,RPG 123,BRA,XBOX ONE,Retail,Standard,9
662,73,RPG 123,BRA,PC,Digital,Standard,9
665,0,RPG 123,BRA,PC,Retail,Standard,9
1554,156135,RPG 123,All,All,All,All,10
1555,141627,RPG 123,USA,All,All,All,10
1556,71152,RPG 123,USA,PS4,All,All,10
1557,7936,RPG 123,USA,PS4,Digital,All,10
1560,63216,RPG 123,USA,PS4,Retail,All,10
1563,68379,RPG 123,USA,XBOX ONE,All,All,10
1564,24394,RPG 123,USA,XBOX ONE,Digital,All,10
1567,43985,RPG 123,USA,XBOX ONE,Retail,All,10
1570,2096,RPG 123,USA,PC,All,All,10
1571,2096,RPG 123,USA,PC,Digital,All,10
1574,0,RPG 123,USA,PC,Retail,All,10
1577,12046,RPG 123,CAN,All,All,All,10
1578,6663,RPG 123,CAN,PS4,All,All,10
1579,1105,RPG 123,CAN,PS4,Digital,All,10
1582,5558,RPG 123,CAN,PS4,Retail,All,10
1585,4926,RPG 123,CAN,XBOX ONE,All,All,10
1586,1905,RPG 123,CAN,XBOX ONE,Digital,All,10
1589,3021,RPG 123,CAN,XBOX ONE,Retail,All,10
1592,457,RPG 123,CAN,PC,All,All,10
1593,457,RPG 123,CAN,PC,Digital,All,10
1596,0,RPG 123,CAN,PC,Retail,All,10
1599,599,RPG 123,MEX,All,All,All,10
1600,78,RPG 123,MEX,PS4,All,All,10
1601,78,RPG 123,MEX,PS4,Digital,All,10
1604,0,RPG 123,MEX,PS4,Retail,All,10
1607,483,RPG 123,MEX,XBOX ONE,All,All,10
1608,483,RPG 123,MEX,XBOX ONE,Digital,All,10
1611,0,RPG 123,MEX,XBOX ONE,Retail,All,10
1614,38,RPG 123,MEX,PC,All,All,10
1615,38,RPG 123,MEX,PC,Digital,All,10
1618,0,RPG 123,MEX,PC,Retail,All,10
1621,567,RPG 123,ROSA,All,All,All,10
1622,185,RPG 123,ROSA,PS4,All,All,10
1623,185,RPG 123,ROSA,PS4,Digital,All,10
1626,0,RPG 123,ROSA,PS4,Retail,All,10
1629,210,RPG 123,ROSA,XBOX ONE,All,All,10
1630,210,RPG 123,ROSA,XBOX ONE,Digital,All,10
1633,0,RPG 123,ROSA,XBOX ONE,Retail,All,10
1636,172,RPG 123,ROSA,PC,All,All,10
1637,172,RPG 123,ROSA,PC,Digital,All,10
1640,0,RPG 123,ROSA,PC,Retail,All,10
1643,1296,RPG 123,BRA,All,All,All,10
1644,366,RPG 123,BRA,PS4,All,All,10
1645,366,RPG 123,BRA,PS4,Digital,All,10
1648,0,RPG 123,BRA,PS4,Retail,All,10
1651,661,RPG 123,BRA,XBOX ONE,All,All,10
1652,661,RPG 123,BRA,XBOX ONE,Digital,All,10
1655,0,RPG 123,BRA,XBOX ONE,Retail,All,10
1658,269,RPG 123,BRA,PC,All,All,10
1659,269,RPG 123,BRA,PC,Digital,All,10
1662,0,RPG 123,BRA,PC,Retail,All,10
1558,5866,RPG 123,USA,PS4,Digital,Special,10
1561,28528,RPG 123,USA,PS4,Retail,Special,10
1565,19152,RPG 123,USA,XBOX ONE,Digital,Special,10
1568,20217,RPG 123,USA,XBOX ONE,Retail,Special,10
1572,1491,RPG 123,USA,PC,Digital,Special,10
1575,0,RPG 123,USA,PC,Retail,Special,10
1580,1101,RPG 123,CAN,PS4,Digital,Special,10
1583,3099,RPG 123,CAN,PS4,Retail,Special,10
1587,1509,RPG 123,CAN,XBOX ONE,Digital,Special,10
1590,1745,RPG 123,CAN,XBOX ONE,Retail,Special,10
1594,341,RPG 123,CAN,PC,Digital,Special,10
1597,0,RPG 123,CAN,PC,Retail,Special,10
1602,45,RPG 123,MEX,PS4,Digital,Special,10
1605,0,RPG 123,MEX,PS4,Retail,Special,10
1609,413,RPG 123,MEX,XBOX ONE,Digital,Special,10
1612,0,RPG 123,MEX,XBOX ONE,Retail,Special,10
1616,28,RPG 123,MEX,PC,Digital,Special,10
1619,0,RPG 123,MEX,PC,Retail,Special,10
1624,98,RPG 123,ROSA,PS4,Digital,Special,10
1627,0,RPG 123,ROSA,PS4,Retail,Special,10
1631,159,RPG 123,ROSA,XBOX ONE,Digital,Special,10
1634,0,RPG 123,ROSA,XBOX ONE,Retail,Special,10
1638,117,RPG 123,ROSA,PC,Digital,Special,10
1641,0,RPG 123,ROSA,PC,Retail,Special,10
1646,164,RPG 123,BRA,PS4,Digital,Special,10
1649,0,RPG 123,BRA,PS4,Retail,Special,10
1653,413,RPG 123,BRA,XBOX ONE,Digital,Special,10
1656,0,RPG 123,BRA,XBOX ONE,Retail,Special,10
1660,206,RPG 123,BRA,PC,Digital,Special,10
1663,0,RPG 123,BRA,PC,Retail,Special,10
1559,2070,RPG 123,USA,PS4,Digital,Standard,10
1562,34688,RPG 123,USA,PS4,Retail,Standard,10
1566,5242,RPG 123,USA,XBOX ONE,Digital,Standard,10
1569,23768,RPG 123,USA,XBOX ONE,Retail,Standard,10
1573,605,RPG 123,USA,PC,Digital,Standard,10
1576,0,RPG 123,USA,PC,Retail,Standard,10
1581,4,RPG 123,CAN,PS4,Digital,Standard,10
1584,2459,RPG 123,CAN,PS4,Retail,Standard,10
1588,396,RPG 123,CAN,XBOX ONE,Digital,Standard,10
1591,1276,RPG 123,CAN,XBOX ONE,Retail,Standard,10
1595,116,RPG 123,CAN,PC,Digital,Standard,10
1598,0,RPG 123,CAN,PC,Retail,Standard,10
1603,33,RPG 123,MEX,PS4,Digital,Standard,10
1606,0,RPG 123,MEX,PS4,Retail,Standard,10
1610,70,RPG 123,MEX,XBOX ONE,Digital,Standard,10
1613,0,RPG 123,MEX,XBOX ONE,Retail,Standard,10
1617,10,RPG 123,MEX,PC,Digital,Standard,10
1620,0,RPG 123,MEX,PC,Retail,Standard,10
1625,87,RPG 123,ROSA,PS4,Digital,Standard,10
1628,0,RPG 123,ROSA,PS4,Retail,Standard,10
1632,51,RPG 123,ROSA,XBOX ONE,Digital,Standard,10
1635,0,RPG 123,ROSA,XBOX ONE,Retail,Standard,10
1639,55,RPG 123,ROSA,PC,Digital,Standard,10
1642,0,RPG 123,ROSA,PC,Retail,Standard,10
1647,202,RPG 123,BRA,PS4,Digital,Standard,10
1650,0,RPG 123,BRA,PS4,Retail,Standard,10
1654,248,RPG 123,BRA,XBOX ONE,Digital,Standard,10
1657,0,RPG 123,BRA,XBOX ONE,Retail,Standard,10
1661,63,RPG 123,BRA,PC,Digital,Standard,10
1664,0,RPG 123,BRA,PC,Retail,Standard,10
444,146598,RPG 123,All,All,All,All,11
445,133019,RPG 123,USA,All,All,All,11
446,67216,RPG 123,USA,PS4,All,All,11
447,7273,RPG 123,USA,PS4,Digital,All,11
450,59943,RPG 123,USA,PS4,Retail,All,11
453,63866,RPG 123,USA,XBOX ONE,All,All,11
454,22221,RPG 123,USA,XBOX ONE,Digital,All,11
457,41645,RPG 123,USA,XBOX ONE,Retail,All,11
460,1937,RPG 123,USA,PC,All,All,11
461,1937,RPG 123,USA,PC,Digital,All,11
464,0,RPG 123,USA,PC,Retail,All,11
467,11385,RPG 123,CAN,All,All,All,11
468,6345,RPG 123,CAN,PS4,All,All,11
469,1027,RPG 123,CAN,PS4,Digital,All,11
472,5318,RPG 123,CAN,PS4,Retail,All,11
475,4614,RPG 123,CAN,XBOX ONE,All,All,11
476,1721,RPG 123,CAN,XBOX ONE,Digital,All,11
479,2893,RPG 123,CAN,XBOX ONE,Retail,All,11
482,426,RPG 123,CAN,PC,All,All,11
483,426,RPG 123,CAN,PC,Digital,All,11
486,0,RPG 123,CAN,PC,Retail,All,11
489,529,RPG 123,MEX,All,All,All,11
490,70,RPG 123,MEX,PS4,All,All,11
491,70,RPG 123,MEX,PS4,Digital,All,11
494,0,RPG 123,MEX,PS4,Retail,All,11
497,422,RPG 123,MEX,XBOX ONE,All,All,11
498,422,RPG 123,MEX,XBOX ONE,Digital,All,11
501,0,RPG 123,MEX,XBOX ONE,Retail,All,11
504,37,RPG 123,MEX,PC,All,All,11
505,37,RPG 123,MEX,PC,Digital,All,11
508,0,RPG 123,MEX,PC,Retail,All,11
511,510,RPG 123,ROSA,All,All,All,11
512,160,RPG 123,ROSA,PS4,All,All,11
513,160,RPG 123,ROSA,PS4,Digital,All,11
516,0,RPG 123,ROSA,PS4,Retail,All,11
519,186,RPG 123,ROSA,XBOX ONE,All,All,11
520,186,RPG 123,ROSA,XBOX ONE,Digital,All,11
523,0,RPG 123,ROSA,XBOX ONE,Retail,All,11
526,164,RPG 123,ROSA,PC,All,All,11
527,164,RPG 123,ROSA,PC,Digital,All,11
530,0,RPG 123,ROSA,PC,Retail,All,11
533,1155,RPG 123,BRA,All,All,All,11
534,313,RPG 123,BRA,PS4,All,All,11
535,313,RPG 123,BRA,PS4,Digital,All,11
538,0,RPG 123,BRA,PS4,Retail,All,11
541,585,RPG 123,BRA,XBOX ONE,All,All,11
542,585,RPG 123,BRA,XBOX ONE,Digital,All,11
545,0,RPG 123,BRA,XBOX ONE,Retail,All,11
548,257,RPG 123,BRA,PC,All,All,11
549,257,RPG 123,BRA,PC,Digital,All,11
552,0,RPG 123,BRA,PC,Retail,All,11
448,5376,RPG 123,USA,PS4,Digital,Special,11
451,27218,RPG 123,USA,PS4,Retail,Special,11
455,17552,RPG 123,USA,XBOX ONE,Digital,Special,11
458,19170,RPG 123,USA,XBOX ONE,Retail,Special,11
462,1378,RPG 123,USA,PC,Digital,Special,11
465,0,RPG 123,USA,PC,Retail,Special,11
470,1023,RPG 123,CAN,PS4,Digital,Special,11
473,2987,RPG 123,CAN,PS4,Retail,Special,11
477,1360,RPG 123,CAN,XBOX ONE,Digital,Special,11
480,1684,RPG 123,CAN,XBOX ONE,Retail,Special,11
484,318,RPG 123,CAN,PC,Digital,Special,11
487,0,RPG 123,CAN,PC,Retail,Special,11
492,40,RPG 123,MEX,PS4,Digital,Special,11
495,0,RPG 123,MEX,PS4,Retail,Special,11
499,366,RPG 123,MEX,XBOX ONE,Digital,Special,11
502,0,RPG 123,MEX,XBOX ONE,Retail,Special,11
506,27,RPG 123,MEX,PC,Digital,Special,11
509,0,RPG 123,MEX,PC,Retail,Special,11
514,85,RPG 123,ROSA,PS4,Digital,Special,11
517,0,RPG 123,ROSA,PS4,Retail,Special,11
521,143,RPG 123,ROSA,XBOX ONE,Digital,Special,11
524,0,RPG 123,ROSA,XBOX ONE,Retail,Special,11
528,112,RPG 123,ROSA,PC,Digital,Special,11
531,0,RPG 123,ROSA,PC,Retail,Special,11
536,133,RPG 123,BRA,PS4,Digital,Special,11
539,0,RPG 123,BRA,PS4,Retail,Special,11
543,374,RPG 123,BRA,XBOX ONE,Digital,Special,11
546,0,RPG 123,BRA,XBOX ONE,Retail,Special,11
550,195,RPG 123,BRA,PC,Digital,Special,11
553,0,RPG 123,BRA,PC,Retail,Special,11
449,1897,RPG 123,USA,PS4,Digital,Standard,11
452,32725,RPG 123,USA,PS4,Retail,Standard,11
456,4669,RPG 123,USA,XBOX ONE,Digital,Standard,11
459,22475,RPG 123,USA,XBOX ONE,Retail,Standard,11
463,559,RPG 123,USA,PC,Digital,Standard,11
466,0,RPG 123,USA,PC,Retail,Standard,11
471,4,RPG 123,CAN,PS4,Digital,Standard,11
474,2331,RPG 123,CAN,PS4,Retail,Standard,11
478,361,RPG 123,CAN,XBOX ONE,Digital,Standard,11
481,1209,RPG 123,CAN,XBOX ONE,Retail,Standard,11
485,108,RPG 123,CAN,PC,Digital,Standard,11
488,0,RPG 123,CAN,PC,Retail,Standard,11
493,30,RPG 123,MEX,PS4,Digital,Standard,11
496,0,RPG 123,MEX,PS4,Retail,Standard,11
500,56,RPG 123,MEX,XBOX ONE,Digital,Standard,11
503,0,RPG 123,MEX,XBOX ONE,Retail,Standard,11
507,10,RPG 123,MEX,PC,Digital,Standard,11
510,0,RPG 123,MEX,PC,Retail,Standard,11
515,75,RPG 123,ROSA,PS4,Digital,Standard,11
518,0,RPG 123,ROSA,PS4,Retail,Standard,11
522,43,RPG 123,ROSA,XBOX ONE,Digital,Standard,11
525,0,RPG 123,ROSA,XBOX ONE,Retail,Standard,11
529,52,RPG 123,ROSA,PC,Digital,Standard,11
532,0,RPG 123,ROSA,PC,Retail,Standard,11
537,180,RPG 123,BRA,PS4,Digital,Standard,11
540,0,RPG 123,BRA,PS4,Retail,Standard,11
544,211,RPG 123,BRA,XBOX ONE,Digital,Standard,11
547,0,RPG 123,BRA,XBOX ONE,Retail,Standard,11
551,62,RPG 123,BRA,PC,Digital,Standard,11
554,0,RPG 123,BRA,PC,Retail,Standard,11
1443,135017,RPG 123,All,All,All,All,12
1444,122259,RPG 123,USA,All,All,All,12
1445,62473,RPG 123,USA,PS4,All,All,12
1446,6833,RPG 123,USA,PS4,Digital,All,12
1449,55640,RPG 123,USA,PS4,Retail,All,12
1452,58003,RPG 123,USA,XBOX ONE,All,All,12
1453,19423,RPG 123,USA,XBOX ONE,Digital,All,12
1456,38580,RPG 123,USA,XBOX ONE,Retail,All,12
1459,1783,RPG 123,USA,PC,All,All,12
1460,1783,RPG 123,USA,PC,Digital,All,12
1463,0,RPG 123,USA,PC,Retail,All,12
1466,10765,RPG 123,CAN,All,All,All,12
1467,6042,RPG 123,CAN,PS4,All,All,12
1468,978,RPG 123,CAN,PS4,Digital,All,12
1471,5064,RPG 123,CAN,PS4,Retail,All,12
1474,4324,RPG 123,CAN,XBOX ONE,All,All,12
1475,1538,RPG 123,CAN,XBOX ONE,Digital,All,12
1478,2786,RPG 123,CAN,XBOX ONE,Retail,All,12
1481,399,RPG 123,CAN,PC,All,All,12
1482,399,RPG 123,CAN,PC,Digital,All,12
1485,0,RPG 123,CAN,PC,Retail,All,12
1488,497,RPG 123,MEX,All,All,All,12
1489,62,RPG 123,MEX,PS4,All,All,12
1490,62,RPG 123,MEX,PS4,Digital,All,12
1493,0,RPG 123,MEX,PS4,Retail,All,12
1496,397,RPG 123,MEX,XBOX ONE,All,All,12
1497,397,RPG 123,MEX,XBOX ONE,Digital,All,12
1500,0,RPG 123,MEX,XBOX ONE,Retail,All,12
1503,38,RPG 123,MEX,PC,All,All,12
1504,38,RPG 123,MEX,PC,Digital,All,12
1507,0,RPG 123,MEX,PC,Retail,All,12
1510,483,RPG 123,ROSA,All,All,All,12
1511,149,RPG 123,ROSA,PS4,All,All,12
1512,149,RPG 123,ROSA,PS4,Digital,All,12
1515,0,RPG 123,ROSA,PS4,Retail,All,12
1518,176,RPG 123,ROSA,XBOX ONE,All,All,12
1519,176,RPG 123,ROSA,XBOX ONE,Digital,All,12
1522,0,RPG 123,ROSA,XBOX ONE,Retail,All,12
1525,158,RPG 123,ROSA,PC,All,All,12
1526,158,RPG 123,ROSA,PC,Digital,All,12
1529,0,RPG 123,ROSA,PC,Retail,All,12
1532,1013,RPG 123,BRA,All,All,All,12
1533,277,RPG 123,BRA,PS4,All,All,12
1534,277,RPG 123,BRA,PS4,Digital,All,12
1537,0,RPG 123,BRA,PS4,Retail,All,12
1540,508,RPG 123,BRA,XBOX ONE,All,All,12
1541,508,RPG 123,BRA,XBOX ONE,Digital,All,12
1544,0,RPG 123,BRA,XBOX ONE,Retail,All,12
1547,228,RPG 123,BRA,PC,All,All,12
1548,228,RPG 123,BRA,PC,Digital,All,12
1551,0,RPG 123,BRA,PC,Retail,All,12
1447,5073,RPG 123,USA,PS4,Digital,Special,12
1450,25380,RPG 123,USA,PS4,Retail,Special,12
1454,15397,RPG 123,USA,XBOX ONE,Digital,Special,12
1457,17839,RPG 123,USA,XBOX ONE,Retail,Special,12
1461,1278,RPG 123,USA,PC,Digital,Special,12
1464,0,RPG 123,USA,PC,Retail,Special,12
1469,974,RPG 123,CAN,PS4,Digital,Special,12
1472,2857,RPG 123,CAN,PS4,Retail,Special,12
1476,1216,RPG 123,CAN,XBOX ONE,Digital,Special,12
1479,1625,RPG 123,CAN,XBOX ONE,Retail,Special,12
1483,300,RPG 123,CAN,PC,Digital,Special,12
1486,0,RPG 123,CAN,PC,Retail,Special,12
1491,37,RPG 123,MEX,PS4,Digital,Special,12
1494,0,RPG 123,MEX,PS4,Retail,Special,12
1498,342,RPG 123,MEX,XBOX ONE,Digital,Special,12
1501,0,RPG 123,MEX,XBOX ONE,Retail,Special,12
1505,28,RPG 123,MEX,PC,Digital,Special,12
1508,0,RPG 123,MEX,PC,Retail,Special,12
1513,80,RPG 123,ROSA,PS4,Digital,Special,12
1516,0,RPG 123,ROSA,PS4,Retail,Special,12
1520,136,RPG 123,ROSA,XBOX ONE,Digital,Special,12
1523,0,RPG 123,ROSA,XBOX ONE,Retail,Special,12
1527,109,RPG 123,ROSA,PC,Digital,Special,12
1530,0,RPG 123,ROSA,PC,Retail,Special,12
1535,113,RPG 123,BRA,PS4,Digital,Special,12
1538,0,RPG 123,BRA,PS4,Retail,Special,12
1542,333,RPG 123,BRA,XBOX ONE,Digital,Special,12
1545,0,RPG 123,BRA,XBOX ONE,Retail,Special,12
1549,174,RPG 123,BRA,PC,Digital,Special,12
1552,0,RPG 123,BRA,PC,Retail,Special,12
1448,1760,RPG 123,USA,PS4,Digital,Standard,12
1451,30260,RPG 123,USA,PS4,Retail,Standard,12
1455,4026,RPG 123,USA,XBOX ONE,Digital,Standard,12
1458,20741,RPG 123,USA,XBOX ONE,Retail,Standard,12
1462,505,RPG 123,USA,PC,Digital,Standard,12
1465,0,RPG 123,USA,PC,Retail,Standard,12
1470,4,RPG 123,CAN,PS4,Digital,Standard,12
1473,2207,RPG 123,CAN,PS4,Retail,Standard,12
1477,322,RPG 123,CAN,XBOX ONE,Digital,Standard,12
1480,1161,RPG 123,CAN,XBOX ONE,Retail,Standard,12
1484,99,RPG 123,CAN,PC,Digital,Standard,12
1487,0,RPG 123,CAN,PC,Retail,Standard,12
1492,25,RPG 123,MEX,PS4,Digital,Standard,12
1495,0,RPG 123,MEX,PS4,Retail,Standard,12
1499,55,RPG 123,MEX,XBOX ONE,Digital,Standard,12
1502,0,RPG 123,MEX,XBOX ONE,Retail,Standard,12
1506,10,RPG 123,MEX,PC,Digital,Standard,12
1509,0,RPG 123,MEX,PC,Retail,Standard,12
1514,69,RPG 123,ROSA,PS4,Digital,Standard,12
1517,0,RPG 123,ROSA,PS4,Retail,Standard,12
1521,40,RPG 123,ROSA,XBOX ONE,Digital,Standard,12
1524,0,RPG 123,ROSA,XBOX ONE,Retail,Standard,12
1528,49,RPG 123,ROSA,PC,Digital,Standard,12
1531,0,RPG 123,ROSA,PC,Retail,Standard,12
1536,164,RPG 123,BRA,PS4,Digital,Standard,12
1539,0,RPG 123,BRA,PS4,Retail,Standard,12
1543,175,RPG 123,BRA,XBOX ONE,Digital,Standard,12
1546,0,RPG 123,BRA,XBOX ONE,Retail,Standard,12
1550,54,RPG 123,BRA,PC,Digital,Standard,12
1553,0,RPG 123,BRA,PC,Retail,Standard,12
1221,124758,RPG 123,All,All,All,All,13
1222,112895,RPG 123,USA,All,All,All,13
1223,58267,RPG 123,USA,PS4,All,All,13
1224,6392,RPG 123,USA,PS4,Digital,All,13
1227,51875,RPG 123,USA,PS4,Retail,All,13
1230,52979,RPG 123,USA,XBOX ONE,All,All,13
1231,17141,RPG 123,USA,XBOX ONE,Digital,All,13
1234,35838,RPG 123,USA,XBOX ONE,Retail,All,13
1237,1649,RPG 123,USA,PC,All,All,13
1238,1649,RPG 123,USA,PC,Digital,All,13
1241,0,RPG 123,USA,PC,Retail,All,13
1244,10079,RPG 123,CAN,All,All,All,13
1245,5724,RPG 123,CAN,PS4,All,All,13
1246,928,RPG 123,CAN,PS4,Digital,All,13
1249,4796,RPG 123,CAN,PS4,Retail,All,13
1252,3981,RPG 123,CAN,XBOX ONE,All,All,13
1253,1367,RPG 123,CAN,XBOX ONE,Digital,All,13
1256,2614,RPG 123,CAN,XBOX ONE,Retail,All,13
1259,374,RPG 123,CAN,PC,All,All,13
1260,374,RPG 123,CAN,PC,Digital,All,13
1263,0,RPG 123,CAN,PC,Retail,All,13
1266,441,RPG 123,MEX,All,All,All,13
1267,59,RPG 123,MEX,PS4,All,All,13
1268,59,RPG 123,MEX,PS4,Digital,All,13
1271,0,RPG 123,MEX,PS4,Retail,All,13
1274,347,RPG 123,MEX,XBOX ONE,All,All,13
1275,347,RPG 123,MEX,XBOX ONE,Digital,All,13
1278,0,RPG 123,MEX,XBOX ONE,Retail,All,13
1281,35,RPG 123,MEX,PC,All,All,13
1282,35,RPG 123,MEX,PC,Digital,All,13
1285,0,RPG 123,MEX,PC,Retail,All,13
1288,436,RPG 123,ROSA,All,All,All,13
1289,136,RPG 123,ROSA,PS4,All,All,13
1290,136,RPG 123,ROSA,PS4,Digital,All,13
1293,0,RPG 123,ROSA,PS4,Retail,All,13
1296,158,RPG 123,ROSA,XBOX ONE,All,All,13
1297,158,RPG 123,ROSA,XBOX ONE,Digital,All,13
1300,0,RPG 123,ROSA,XBOX ONE,Retail,All,13
1303,142,RPG 123,ROSA,PC,All,All,13
1304,142,RPG 123,ROSA,PC,Digital,All,13
1307,0,RPG 123,ROSA,PC,Retail,All,13
1310,907,RPG 123,BRA,All,All,All,13
1311,259,RPG 123,BRA,PS4,All,All,13
1312,259,RPG 123,BRA,PS4,Digital,All,13
1315,0,RPG 123,BRA,PS4,Retail,All,13
1318,441,RPG 123,BRA,XBOX ONE,All,All,13
1319,441,RPG 123,BRA,XBOX ONE,Digital,All,13
1322,0,RPG 123,BRA,XBOX ONE,Retail,All,13
1325,207,RPG 123,BRA,PC,All,All,13
1326,207,RPG 123,BRA,PC,Digital,All,13
1329,0,RPG 123,BRA,PC,Retail,All,13
1225,4759,RPG 123,USA,PS4,Digital,Special,13
1228,23957,RPG 123,USA,PS4,Retail,Special,13
1232,13686,RPG 123,USA,XBOX ONE,Digital,Special,13
1235,16783,RPG 123,USA,XBOX ONE,Retail,Special,13
1239,1193,RPG 123,USA,PC,Digital,Special,13
1242,0,RPG 123,USA,PC,Retail,Special,13
1247,924,RPG 123,CAN,PS4,Digital,Special,13
1250,2732,RPG 123,CAN,PS4,Retail,Special,13
1254,1091,RPG 123,CAN,XBOX ONE,Digital,Special,13
1257,1524,RPG 123,CAN,XBOX ONE,Retail,Special,13
1261,280,RPG 123,CAN,PC,Digital,Special,13
1264,0,RPG 123,CAN,PC,Retail,Special,13
1269,34,RPG 123,MEX,PS4,Digital,Special,13
1272,0,RPG 123,MEX,PS4,Retail,Special,13
1276,300,RPG 123,MEX,XBOX ONE,Digital,Special,13
1279,0,RPG 123,MEX,XBOX ONE,Retail,Special,13
1283,26,RPG 123,MEX,PC,Digital,Special,13
1286,0,RPG 123,MEX,PC,Retail,Special,13
1291,70,RPG 123,ROSA,PS4,Digital,Special,13
1294,0,RPG 123,ROSA,PS4,Retail,Special,13
1298,124,RPG 123,ROSA,XBOX ONE,Digital,Special,13
1301,0,RPG 123,ROSA,XBOX ONE,Retail,Special,13
1305,99,RPG 123,ROSA,PC,Digital,Special,13
1308,0,RPG 123,ROSA,PC,Retail,Special,13
1313,106,RPG 123,BRA,PS4,Digital,Special,13
1316,0,RPG 123,BRA,PS4,Retail,Special,13
1320,289,RPG 123,BRA,XBOX ONE,Digital,Special,13
1323,0,RPG 123,BRA,XBOX ONE,Retail,Special,13
1327,161,RPG 123,BRA,PC,Digital,Special,13
1330,0,RPG 123,BRA,PC,Retail,Special,13
1226,1633,RPG 123,USA,PS4,Digital,Standard,13
1229,27918,RPG 123,USA,PS4,Retail,Standard,13
1233,3455,RPG 123,USA,XBOX ONE,Digital,Standard,13
1236,19055,RPG 123,USA,XBOX ONE,Retail,Standard,13
1240,456,RPG 123,USA,PC,Digital,Standard,13
1243,0,RPG 123,USA,PC,Retail,Standard,13
1248,4,RPG 123,CAN,PS4,Digital,Standard,13
1251,2064,RPG 123,CAN,PS4,Retail,Standard,13
1255,276,RPG 123,CAN,XBOX ONE,Digital,Standard,13
1258,1090,RPG 123,CAN,XBOX ONE,Retail,Standard,13
1262,94,RPG 123,CAN,PC,Digital,Standard,13
1265,0,RPG 123,CAN,PC,Retail,Standard,13
1270,25,RPG 123,MEX,PS4,Digital,Standard,13
1273,0,RPG 123,MEX,PS4,Retail,Standard,13
1277,47,RPG 123,MEX,XBOX ONE,Digital,Standard,13
1280,0,RPG 123,MEX,XBOX ONE,Retail,Standard,13
1284,9,RPG 123,MEX,PC,Digital,Standard,13
1287,0,RPG 123,MEX,PC,Retail,Standard,13
1292,66,RPG 123,ROSA,PS4,Digital,Standard,13
1295,0,RPG 123,ROSA,PS4,Retail,Standard,13
1299,34,RPG 123,ROSA,XBOX ONE,Digital,Standard,13
1302,0,RPG 123,ROSA,XBOX ONE,Retail,Standard,13
1306,43,RPG 123,ROSA,PC,Digital,Standard,13
1309,0,RPG 123,ROSA,PC,Retail,Standard,13
1314,153,RPG 123,BRA,PS4,Digital,Standard,13
1317,0,RPG 123,BRA,PS4,Retail,Standard,13
1321,152,RPG 123,BRA,XBOX ONE,Digital,Standard,13
1324,0,RPG 123,BRA,XBOX ONE,Retail,Standard,13
1328,46,RPG 123,BRA,PC,Digital,Standard,13
1331,0,RPG 123,BRA,PC,Retail,Standard,13
1332,116499,RPG 123,All,All,All,All,14
1333,105303,RPG 123,USA,All,All,All,14
1334,54695,RPG 123,USA,PS4,All,All,14
1335,6049,RPG 123,USA,PS4,Digital,All,14
1338,48646,RPG 123,USA,PS4,Retail,All,14
1341,49054,RPG 123,USA,XBOX ONE,All,All,14
1342,15640,RPG 123,USA,XBOX ONE,Digital,All,14
1345,33414,RPG 123,USA,XBOX ONE,Retail,All,14
1348,1554,RPG 123,USA,PC,All,All,14
1349,1554,RPG 123,USA,PC,Digital,All,14
1352,0,RPG 123,USA,PC,Retail,All,14
1355,9521,RPG 123,CAN,All,All,All,14
1356,5416,RPG 123,CAN,PS4,All,All,14
1357,869,RPG 123,CAN,PS4,Digital,All,14
1360,4547,RPG 123,CAN,PS4,Retail,All,14
1363,3748,RPG 123,CAN,XBOX ONE,All,All,14
1364,1278,RPG 123,CAN,XBOX ONE,Digital,All,14
1367,2470,RPG 123,CAN,XBOX ONE,Retail,All,14
1370,357,RPG 123,CAN,PC,All,All,14
1371,357,RPG 123,CAN,PC,Digital,All,14
1374,0,RPG 123,CAN,PC,Retail,All,14
1377,415,RPG 123,MEX,All,All,All,14
1378,54,RPG 123,MEX,PS4,All,All,14
1379,54,RPG 123,MEX,PS4,Digital,All,14
1382,0,RPG 123,MEX,PS4,Retail,All,14
1385,328,RPG 123,MEX,XBOX ONE,All,All,14
1386,328,RPG 123,MEX,XBOX ONE,Digital,All,14
1389,0,RPG 123,MEX,XBOX ONE,Retail,All,14
1392,33,RPG 123,MEX,PC,All,All,14
1393,33,RPG 123,MEX,PC,Digital,All,14
1396,0,RPG 123,MEX,PC,Retail,All,14
1399,424,RPG 123,ROSA,All,All,All,14
1400,132,RPG 123,ROSA,PS4,All,All,14
1401,132,RPG 123,ROSA,PS4,Digital,All,14
1404,0,RPG 123,ROSA,PS4,Retail,All,14
1407,155,RPG 123,ROSA,XBOX ONE,All,All,14
1408,155,RPG 123,ROSA,XBOX ONE,Digital,All,14
1411,0,RPG 123,ROSA,XBOX ONE,Retail,All,14
1414,137,RPG 123,ROSA,PC,All,All,14
1415,137,RPG 123,ROSA,PC,Digital,All,14
1418,0,RPG 123,ROSA,PC,Retail,All,14
1421,836,RPG 123,BRA,All,All,All,14
1422,233,RPG 123,BRA,PS4,All,All,14
1423,233,RPG 123,BRA,PS4,Digital,All,14
1426,0,RPG 123,BRA,PS4,Retail,All,14
1429,406,RPG 123,BRA,XBOX ONE,All,All,14
1430,406,RPG 123,BRA,XBOX ONE,Digital,All,14
1433,0,RPG 123,BRA,XBOX ONE,Retail,All,14
1436,197,RPG 123,BRA,PC,All,All,14
1437,197,RPG 123,BRA,PC,Digital,All,14
1440,0,RPG 123,BRA,PC,Retail,All,14
1336,4514,RPG 123,USA,PS4,Digital,Special,14
1339,22873,RPG 123,USA,PS4,Retail,Special,14
1343,12558,RPG 123,USA,XBOX ONE,Digital,Special,14
1346,15867,RPG 123,USA,XBOX ONE,Retail,Special,14
1350,1119,RPG 123,USA,PC,Digital,Special,14
1353,0,RPG 123,USA,PC,Retail,Special,14
1358,865,RPG 123,CAN,PS4,Digital,Special,14
1361,2611,RPG 123,CAN,PS4,Retail,Special,14
1365,1024,RPG 123,CAN,XBOX ONE,Digital,Special,14
1368,1444,RPG 123,CAN,XBOX ONE,Retail,Special,14
1372,265,RPG 123,CAN,PC,Digital,Special,14
1375,0,RPG 123,CAN,PC,Retail,Special,14
1380,31,RPG 123,MEX,PS4,Digital,Special,14
1383,0,RPG 123,MEX,PS4,Retail,Special,14
1387,284,RPG 123,MEX,XBOX ONE,Digital,Special,14
1390,0,RPG 123,MEX,XBOX ONE,Retail,Special,14
1394,24,RPG 123,MEX,PC,Digital,Special,14
1397,0,RPG 123,MEX,PC,Retail,Special,14
1402,67,RPG 123,ROSA,PS4,Digital,Special,14
1405,0,RPG 123,ROSA,PS4,Retail,Special,14
1409,120,RPG 123,ROSA,XBOX ONE,Digital,Special,14
1412,0,RPG 123,ROSA,XBOX ONE,Retail,Special,14
1416,96,RPG 123,ROSA,PC,Digital,Special,14
1419,0,RPG 123,ROSA,PC,Retail,Special,14
1424,97,RPG 123,BRA,PS4,Digital,Special,14
1427,0,RPG 123,BRA,PS4,Retail,Special,14
1431,264,RPG 123,BRA,XBOX ONE,Digital,Special,14
1434,0,RPG 123,BRA,XBOX ONE,Retail,Special,14
1438,154,RPG 123,BRA,PC,Digital,Special,14
1441,0,RPG 123,BRA,PC,Retail,Special,14
1337,1535,RPG 123,USA,PS4,Digital,Standard,14
1340,25773,RPG 123,USA,PS4,Retail,Standard,14
1344,3082,RPG 123,USA,XBOX ONE,Digital,Standard,14
1347,17547,RPG 123,USA,XBOX ONE,Retail,Standard,14
1351,435,RPG 123,USA,PC,Digital,Standard,14
1354,0,RPG 123,USA,PC,Retail,Standard,14
1359,4,RPG 123,CAN,PS4,Digital,Standard,14
1362,1936,RPG 123,CAN,PS4,Retail,Standard,14
1366,254,RPG 123,CAN,XBOX ONE,Digital,Standard,14
1369,1026,RPG 123,CAN,XBOX ONE,Retail,Standard,14
1373,92,RPG 123,CAN,PC,Digital,Standard,14
1376,0,RPG 123,CAN,PC,Retail,Standard,14
1381,23,RPG 123,MEX,PS4,Digital,Standard,14
1384,0,RPG 123,MEX,PS4,Retail,Standard,14
1388,44,RPG 123,MEX,XBOX ONE,Digital,Standard,14
1391,0,RPG 123,MEX,XBOX ONE,Retail,Standard,14
1395,9,RPG 123,MEX,PC,Digital,Standard,14
1398,0,RPG 123,MEX,PC,Retail,Standard,14
1403,65,RPG 123,ROSA,PS4,Digital,Standard,14
1406,0,RPG 123,ROSA,PS4,Retail,Standard,14
1410,35,RPG 123,ROSA,XBOX ONE,Digital,Standard,14
1413,0,RPG 123,ROSA,XBOX ONE,Retail,Standard,14
1417,41,RPG 123,ROSA,PC,Digital,Standard,14
1420,0,RPG 123,ROSA,PC,Retail,Standard,14
1425,136,RPG 123,BRA,PS4,Digital,Standard,14
1428,0,RPG 123,BRA,PS4,Retail,Standard,14
1432,142,RPG 123,BRA,XBOX ONE,Digital,Standard,14
1435,0,RPG 123,BRA,XBOX ONE,Retail,Standard,14
1439,43,RPG 123,BRA,PC,Digital,Standard,14
1442,0,RPG 123,BRA,PC,Retail,Standard,14
222,105533,RPG 123,All,All,All,All,15
223,95015,RPG 123,USA,All,All,All,15
224,49148,RPG 123,USA,PS4,All,All,15
225,5601,RPG 123,USA,PS4,Digital,All,15
228,43547,RPG 123,USA,PS4,Retail,All,15
231,44432,RPG 123,USA,XBOX ONE,All,All,15
232,14358,RPG 123,USA,XBOX ONE,Digital,All,15
235,30074,RPG 123,USA,XBOX ONE,Retail,All,15
238,1435,RPG 123,USA,PC,All,All,15
239,1435,RPG 123,USA,PC,Digital,All,15
242,0,RPG 123,USA,PC,Retail,All,15
245,8976,RPG 123,CAN,All,All,All,15
246,5107,RPG 123,CAN,PS4,All,All,15
247,802,RPG 123,CAN,PS4,Digital,All,15
250,4305,RPG 123,CAN,PS4,Retail,All,15
253,3532,RPG 123,CAN,XBOX ONE,All,All,15
254,1189,RPG 123,CAN,XBOX ONE,Digital,All,15
257,2343,RPG 123,CAN,XBOX ONE,Retail,All,15
260,337,RPG 123,CAN,PC,All,All,15
261,337,RPG 123,CAN,PC,Digital,All,15
264,0,RPG 123,CAN,PC,Retail,All,15
267,387,RPG 123,MEX,All,All,All,15
268,50,RPG 123,MEX,PS4,All,All,15
269,50,RPG 123,MEX,PS4,Digital,All,15
272,0,RPG 123,MEX,PS4,Retail,All,15
275,305,RPG 123,MEX,XBOX ONE,All,All,15
276,305,RPG 123,MEX,XBOX ONE,Digital,All,15
279,0,RPG 123,MEX,XBOX ONE,Retail,All,15
282,32,RPG 123,MEX,PC,All,All,15
283,32,RPG 123,MEX,PC,Digital,All,15
286,0,RPG 123,MEX,PC,Retail,All,15
289,390,RPG 123,ROSA,All,All,All,15
290,123,RPG 123,ROSA,PS4,All,All,15
291,123,RPG 123,ROSA,PS4,Digital,All,15
294,0,RPG 123,ROSA,PS4,Retail,All,15
297,143,RPG 123,ROSA,XBOX ONE,All,All,15
298,143,RPG 123,ROSA,XBOX ONE,Digital,All,15
301,0,RPG 123,ROSA,XBOX ONE,Retail,All,15
304,124,RPG 123,ROSA,PC,All,All,15
305,124,RPG 123,ROSA,PC,Digital,All,15
308,0,RPG 123,ROSA,PC,Retail,All,15
311,765,RPG 123,BRA,All,All,All,15
312,210,RPG 123,BRA,PS4,All,All,15
313,210,RPG 123,BRA,PS4,Digital,All,15
316,0,RPG 123,BRA,PS4,Retail,All,15
319,364,RPG 123,BRA,XBOX ONE,All,All,15
320,364,RPG 123,BRA,XBOX ONE,Digital,All,15
323,0,RPG 123,BRA,XBOX ONE,Retail,All,15
326,191,RPG 123,BRA,PC,All,All,15
327,191,RPG 123,BRA,PC,Digital,All,15
330,0,RPG 123,BRA,PC,Retail,All,15
226,4189,RPG 123,USA,PS4,Digital,Special,15
229,21112,RPG 123,USA,PS4,Retail,Special,15
233,11582,RPG 123,USA,XBOX ONE,Digital,Special,15
236,14689,RPG 123,USA,XBOX ONE,Retail,Special,15
240,1027,RPG 123,USA,PC,Digital,Special,15
243,0,RPG 123,USA,PC,Retail,Special,15
248,799,RPG 123,CAN,PS4,Digital,Special,15
251,2468,RPG 123,CAN,PS4,Retail,Special,15
255,957,RPG 123,CAN,XBOX ONE,Digital,Special,15
258,1387,RPG 123,CAN,XBOX ONE,Retail,Special,15
262,251,RPG 123,CAN,PC,Digital,Special,15
265,0,RPG 123,CAN,PC,Retail,Special,15
270,28,RPG 123,MEX,PS4,Digital,Special,15
273,0,RPG 123,MEX,PS4,Retail,Special,15
277,264,RPG 123,MEX,XBOX ONE,Digital,Special,15
280,0,RPG 123,MEX,XBOX ONE,Retail,Special,15
284,23,RPG 123,MEX,PC,Digital,Special,15
287,0,RPG 123,MEX,PC,Retail,Special,15
292,65,RPG 123,ROSA,PS4,Digital,Special,15
295,0,RPG 123,ROSA,PS4,Retail,Special,15
299,111,RPG 123,ROSA,XBOX ONE,Digital,Special,15
302,0,RPG 123,ROSA,XBOX ONE,Retail,Special,15
306,88,RPG 123,ROSA,PC,Digital,Special,15
309,0,RPG 123,ROSA,PC,Retail,Special,15
314,83,RPG 123,BRA,PS4,Digital,Special,15
317,0,RPG 123,BRA,PS4,Retail,Special,15
321,241,RPG 123,BRA,XBOX ONE,Digital,Special,15
324,0,RPG 123,BRA,XBOX ONE,Retail,Special,15
328,149,RPG 123,BRA,PC,Digital,Special,15
331,0,RPG 123,BRA,PC,Retail,Special,15
227,1412,RPG 123,USA,PS4,Digital,Standard,15
230,22435,RPG 123,USA,PS4,Retail,Standard,15
234,2776,RPG 123,USA,XBOX ONE,Digital,Standard,15
237,15385,RPG 123,USA,XBOX ONE,Retail,Standard,15
241,408,RPG 123,USA,PC,Digital,Standard,15
244,0,RPG 123,USA,PC,Retail,Standard,15
249,3,RPG 123,CAN,PS4,Digital,Standard,15
252,1837,RPG 123,CAN,PS4,Retail,Standard,15
256,232,RPG 123,CAN,XBOX ONE,Digital,Standard,15
259,956,RPG 123,CAN,XBOX ONE,Retail,Standard,15
263,86,RPG 123,CAN,PC,Digital,Standard,15
266,0,RPG 123,CAN,PC,Retail,Standard,15
271,22,RPG 123,MEX,PS4,Digital,Standard,15
274,0,RPG 123,MEX,PS4,Retail,Standard,15
278,41,RPG 123,MEX,XBOX ONE,Digital,Standard,15
281,0,RPG 123,MEX,XBOX ONE,Retail,Standard,15
285,9,RPG 123,MEX,PC,Digital,Standard,15
288,0,RPG 123,MEX,PC,Retail,Standard,15
293,58,RPG 123,ROSA,PS4,Digital,Standard,15
296,0,RPG 123,ROSA,PS4,Retail,Standard,15
300,32,RPG 123,ROSA,XBOX ONE,Digital,Standard,15
303,0,RPG 123,ROSA,XBOX ONE,Retail,Standard,15
307,36,RPG 123,ROSA,PC,Digital,Standard,15
310,0,RPG 123,ROSA,PC,Retail,Standard,15
315,127,RPG 123,BRA,PS4,Digital,Standard,15
318,0,RPG 123,BRA,PS4,Retail,Standard,15
322,123,RPG 123,BRA,XBOX ONE,Digital,Standard,15
325,0,RPG 123,BRA,XBOX ONE,Retail,Standard,15
329,42,RPG 123,BRA,PC,Digital,Standard,15
332,0,RPG 123,BRA,PC,Retail,Standard,15
1887,92375,RPG 123,All,All,All,All,16
1888,82819,RPG 123,USA,All,All,All,16
1889,43262,RPG 123,USA,PS4,All,All,16
1890,5089,RPG 123,USA,PS4,Digital,All,16
1893,38173,RPG 123,USA,PS4,Retail,All,16
1896,38237,RPG 123,USA,XBOX ONE,All,All,16
1897,11799,RPG 123,USA,XBOX ONE,Digital,All,16
1900,26438,RPG 123,USA,XBOX ONE,Retail,All,16
1903,1320,RPG 123,USA,PC,All,All,16
1904,1320,RPG 123,USA,PC,Digital,All,16
1907,0,RPG 123,USA,PC,Retail,All,16
1910,8150,RPG 123,CAN,All,All,All,16
1911,4708,RPG 123,CAN,PS4,All,All,16
1912,751,RPG 123,CAN,PS4,Digital,All,16
1915,3957,RPG 123,CAN,PS4,Retail,All,16
1918,3128,RPG 123,CAN,XBOX ONE,All,All,16
1919,963,RPG 123,CAN,XBOX ONE,Digital,All,16
1922,2165,RPG 123,CAN,XBOX ONE,Retail,All,16
1925,314,RPG 123,CAN,PC,All,All,16
1926,314,RPG 123,CAN,PC,Digital,All,16
1929,0,RPG 123,CAN,PC,Retail,All,16
1932,360,RPG 123,MEX,All,All,All,16
1933,43,RPG 123,MEX,PS4,All,All,16
1934,43,RPG 123,MEX,PS4,Digital,All,16
1937,0,RPG 123,MEX,PS4,Retail,All,16
1940,286,RPG 123,MEX,XBOX ONE,All,All,16
1941,286,RPG 123,MEX,XBOX ONE,Digital,All,16
1944,0,RPG 123,MEX,XBOX ONE,Retail,All,16
1947,31,RPG 123,MEX,PC,All,All,16
1948,31,RPG 123,MEX,PC,Digital,All,16
1951,0,RPG 123,MEX,PC,Retail,All,16
1954,358,RPG 123,ROSA,All,All,All,16
1955,115,RPG 123,ROSA,PS4,All,All,16
1956,115,RPG 123,ROSA,PS4,Digital,All,16
1959,0,RPG 123,ROSA,PS4,Retail,All,16
1962,129,RPG 123,ROSA,XBOX ONE,All,All,16
1963,129,RPG 123,ROSA,XBOX ONE,Digital,All,16
1966,0,RPG 123,ROSA,XBOX ONE,Retail,All,16
1969,114,RPG 123,ROSA,PC,All,All,16
1970,114,RPG 123,ROSA,PC,Digital,All,16
1973,0,RPG 123,ROSA,PC,Retail,All,16
1976,688,RPG 123,BRA,All,All,All,16
1977,183,RPG 123,BRA,PS4,All,All,16
1978,183,RPG 123,BRA,PS4,Digital,All,16
1981,0,RPG 123,BRA,PS4,Retail,All,16
1984,330,RPG 123,BRA,XBOX ONE,All,All,16
1985,330,RPG 123,BRA,XBOX ONE,Digital,All,16
1988,0,RPG 123,BRA,XBOX ONE,Retail,All,16
1991,175,RPG 123,BRA,PC,All,All,16
1992,175,RPG 123,BRA,PC,Digital,All,16
1995,0,RPG 123,BRA,PC,Retail,All,16
1891,3804,RPG 123,USA,PS4,Digital,Special,16
1894,19172,RPG 123,USA,PS4,Retail,Special,16
1898,9295,RPG 123,USA,XBOX ONE,Digital,Special,16
1901,13314,RPG 123,USA,XBOX ONE,Retail,Special,16
1905,951,RPG 123,USA,PC,Digital,Special,16
1908,0,RPG 123,USA,PC,Retail,Special,16
1913,748,RPG 123,CAN,PS4,Digital,Special,16
1916,2283,RPG 123,CAN,PS4,Retail,Special,16
1920,758,RPG 123,CAN,XBOX ONE,Digital,Special,16
1923,1286,RPG 123,CAN,XBOX ONE,Retail,Special,16
1927,233,RPG 123,CAN,PC,Digital,Special,16
1930,0,RPG 123,CAN,PC,Retail,Special,16
1935,23,RPG 123,MEX,PS4,Digital,Special,16
1938,0,RPG 123,MEX,PS4,Retail,Special,16
1942,249,RPG 123,MEX,XBOX ONE,Digital,Special,16
1945,0,RPG 123,MEX,XBOX ONE,Retail,Special,16
1949,23,RPG 123,MEX,PC,Digital,Special,16
1952,0,RPG 123,MEX,PC,Retail,Special,16
1957,61,RPG 123,ROSA,PS4,Digital,Special,16
1960,0,RPG 123,ROSA,PS4,Retail,Special,16
1964,103,RPG 123,ROSA,XBOX ONE,Digital,Special,16
1967,0,RPG 123,ROSA,XBOX ONE,Retail,Special,16
1971,82,RPG 123,ROSA,PC,Digital,Special,16
1974,0,RPG 123,ROSA,PC,Retail,Special,16
1979,71,RPG 123,BRA,PS4,Digital,Special,16
1982,0,RPG 123,BRA,PS4,Retail,Special,16
1986,219,RPG 123,BRA,XBOX ONE,Digital,Special,16
1989,0,RPG 123,BRA,XBOX ONE,Retail,Special,16
1993,140,RPG 123,BRA,PC,Digital,Special,16
1996,0,RPG 123,BRA,PC,Retail,Special,16
1892,1285,RPG 123,USA,PS4,Digital,Standard,16
1895,19001,RPG 123,USA,PS4,Retail,Standard,16
1899,2504,RPG 123,USA,XBOX ONE,Digital,Standard,16
1902,13124,RPG 123,USA,XBOX ONE,Retail,Standard,16
1906,369,RPG 123,USA,PC,Digital,Standard,16
1909,0,RPG 123,USA,PC,Retail,Standard,16
1914,3,RPG 123,CAN,PS4,Digital,Standard,16
1917,1674,RPG 123,CAN,PS4,Retail,Standard,16
1921,205,RPG 123,CAN,XBOX ONE,Digital,Standard,16
1924,879,RPG 123,CAN,XBOX ONE,Retail,Standard,16
1928,81,RPG 123,CAN,PC,Digital,Standard,16
1931,0,RPG 123,CAN,PC,Retail,Standard,16
1936,20,RPG 123,MEX,PS4,Digital,Standard,16
1939,0,RPG 123,MEX,PS4,Retail,Standard,16
1943,37,RPG 123,MEX,XBOX ONE,Digital,Standard,16
1946,0,RPG 123,MEX,XBOX ONE,Retail,Standard,16
1950,8,RPG 123,MEX,PC,Digital,Standard,16
1953,0,RPG 123,MEX,PC,Retail,Standard,16
1958,54,RPG 123,ROSA,PS4,Digital,Standard,16
1961,0,RPG 123,ROSA,PS4,Retail,Standard,16
1965,26,RPG 123,ROSA,XBOX ONE,Digital,Standard,16
1968,0,RPG 123,ROSA,XBOX ONE,Retail,Standard,16
1972,32,RPG 123,ROSA,PC,Digital,Standard,16
1975,0,RPG 123,ROSA,PC,Retail,Standard,16
1980,112,RPG 123,BRA,PS4,Digital,Standard,16
1983,0,RPG 123,BRA,PS4,Retail,Standard,16
1987,111,RPG 123,BRA,XBOX ONE,Digital,Standard,16
1990,0,RPG 123,BRA,XBOX ONE,Retail,Standard,16
1994,35,RPG 123,BRA,PC,Digital,Standard,16
1997,0,RPG 123,BRA,PC,Retail,Standard,16
1998,78527,RPG 123,All,All,All,All,17
1999,69986,RPG 123,USA,All,All,All,17
2000,36416,RPG 123,USA,PS4,All,All,17
2001,4439,RPG 123,USA,PS4,Digital,All,17
2004,31977,RPG 123,USA,PS4,Retail,All,17
2007,32385,RPG 123,USA,XBOX ONE,All,All,17
2008,10173,RPG 123,USA,XBOX ONE,Digital,All,17
2011,22212,RPG 123,USA,XBOX ONE,Retail,All,17
2014,1185,RPG 123,USA,PC,All,All,17
2015,1185,RPG 123,USA,PC,Digital,All,17
2018,0,RPG 123,USA,PC,Retail,All,17
2021,7331,RPG 123,CAN,All,All,All,17
2022,4255,RPG 123,CAN,PS4,All,All,17
2023,668,RPG 123,CAN,PS4,Digital,All,17
2026,3587,RPG 123,CAN,PS4,Retail,All,17
2029,2800,RPG 123,CAN,XBOX ONE,All,All,17
2030,829,RPG 123,CAN,XBOX ONE,Digital,All,17
2033,1971,RPG 123,CAN,XBOX ONE,Retail,All,17
2036,276,RPG 123,CAN,PC,All,All,17
2037,276,RPG 123,CAN,PC,Digital,All,17
2040,0,RPG 123,CAN,PC,Retail,All,17
2043,313,RPG 123,MEX,All,All,All,17
2044,35,RPG 123,MEX,PS4,All,All,17
2045,35,RPG 123,MEX,PS4,Digital,All,17
2048,0,RPG 123,MEX,PS4,Retail,All,17
2051,250,RPG 123,MEX,XBOX ONE,All,All,17
2052,250,RPG 123,MEX,XBOX ONE,Digital,All,17
2055,0,RPG 123,MEX,XBOX ONE,Retail,All,17
2058,28,RPG 123,MEX,PC,All,All,17
2059,28,RPG 123,MEX,PC,Digital,All,17
2062,0,RPG 123,MEX,PC,Retail,All,17
2065,320,RPG 123,ROSA,All,All,All,17
2066,100,RPG 123,ROSA,PS4,All,All,17
2067,100,RPG 123,ROSA,PS4,Digital,All,17
2070,0,RPG 123,ROSA,PS4,Retail,All,17
2073,117,RPG 123,ROSA,XBOX ONE,All,All,17
2074,117,RPG 123,ROSA,XBOX ONE,Digital,All,17
2077,0,RPG 123,ROSA,XBOX ONE,Retail,All,17
2080,103,RPG 123,ROSA,PC,All,All,17
2081,103,RPG 123,ROSA,PC,Digital,All,17
2084,0,RPG 123,ROSA,PC,Retail,All,17
2087,577,RPG 123,BRA,All,All,All,17
2088,143,RPG 123,BRA,PS4,All,All,17
2089,143,RPG 123,BRA,PS4,Digital,All,17
2092,0,RPG 123,BRA,PS4,Retail,All,17
2095,289,RPG 123,BRA,XBOX ONE,All,All,17
2096,289,RPG 123,BRA,XBOX ONE,Digital,All,17
2099,0,RPG 123,BRA,XBOX ONE,Retail,All,17
2102,145,RPG 123,BRA,PC,All,All,17
2103,145,RPG 123,BRA,PC,Digital,All,17
2106,0,RPG 123,BRA,PC,Retail,All,17
2002,3325,RPG 123,USA,PS4,Digital,Special,17
2005,16776,RPG 123,USA,PS4,Retail,Special,17
2009,8078,RPG 123,USA,XBOX ONE,Digital,Special,17
2012,11484,RPG 123,USA,XBOX ONE,Retail,Special,17
2016,856,RPG 123,USA,PC,Digital,Special,17
2019,0,RPG 123,USA,PC,Retail,Special,17
2024,665,RPG 123,CAN,PS4,Digital,Special,17
2027,2097,RPG 123,CAN,PS4,Retail,Special,17
2031,659,RPG 123,CAN,XBOX ONE,Digital,Special,17
2034,1160,RPG 123,CAN,XBOX ONE,Retail,Special,17
2038,204,RPG 123,CAN,PC,Digital,Special,17
2041,0,RPG 123,CAN,PC,Retail,Special,17
2046,20,RPG 123,MEX,PS4,Digital,Special,17
2049,0,RPG 123,MEX,PS4,Retail,Special,17
2053,217,RPG 123,MEX,XBOX ONE,Digital,Special,17
2056,0,RPG 123,MEX,XBOX ONE,Retail,Special,17
2060,21,RPG 123,MEX,PC,Digital,Special,17
2063,0,RPG 123,MEX,PC,Retail,Special,17
2068,50,RPG 123,ROSA,PS4,Digital,Special,17
2071,0,RPG 123,ROSA,PS4,Retail,Special,17
2075,93,RPG 123,ROSA,XBOX ONE,Digital,Special,17
2078,0,RPG 123,ROSA,XBOX ONE,Retail,Special,17
2082,74,RPG 123,ROSA,PC,Digital,Special,17
2085,0,RPG 123,ROSA,PC,Retail,Special,17
2090,53,RPG 123,BRA,PS4,Digital,Special,17
2093,0,RPG 123,BRA,PS4,Retail,Special,17
2097,191,RPG 123,BRA,XBOX ONE,Digital,Special,17
2100,0,RPG 123,BRA,XBOX ONE,Retail,Special,17
2104,117,RPG 123,BRA,PC,Digital,Special,17
2107,0,RPG 123,BRA,PC,Retail,Special,17
2003,1114,RPG 123,USA,PS4,Digital,Standard,17
2006,15201,RPG 123,USA,PS4,Retail,Standard,17
2010,2095,RPG 123,USA,XBOX ONE,Digital,Standard,17
2013,10728,RPG 123,USA,XBOX ONE,Retail,Standard,17
2017,329,RPG 123,USA,PC,Digital,Standard,17
2020,0,RPG 123,USA,PC,Retail,Standard,17
2025,3,RPG 123,CAN,PS4,Digital,Standard,17
2028,1490,RPG 123,CAN,PS4,Retail,Standard,17
2032,170,RPG 123,CAN,XBOX ONE,Digital,Standard,17
2035,811,RPG 123,CAN,XBOX ONE,Retail,Standard,17
2039,72,RPG 123,CAN,PC,Digital,Standard,17
2042,0,RPG 123,CAN,PC,Retail,Standard,17
2047,15,RPG 123,MEX,PS4,Digital,Standard,17
2050,0,RPG 123,MEX,PS4,Retail,Standard,17
2054,33,RPG 123,MEX,XBOX ONE,Digital,Standard,17
2057,0,RPG 123,MEX,XBOX ONE,Retail,Standard,17
2061,7,RPG 123,MEX,PC,Digital,Standard,17
2064,0,RPG 123,MEX,PC,Retail,Standard,17
2069,50,RPG 123,ROSA,PS4,Digital,Standard,17
2072,0,RPG 123,ROSA,PS4,Retail,Standard,17
2076,24,RPG 123,ROSA,XBOX ONE,Digital,Standard,17
2079,0,RPG 123,ROSA,XBOX ONE,Retail,Standard,17
2083,29,RPG 123,ROSA,PC,Digital,Standard,17
2086,0,RPG 123,ROSA,PC,Retail,Standard,17
2091,90,RPG 123,BRA,PS4,Digital,Standard,17
2094,0,RPG 123,BRA,PS4,Retail,Standard,17
2098,98,RPG 123,BRA,XBOX ONE,Digital,Standard,17
2101,0,RPG 123,BRA,XBOX ONE,Retail,Standard,17
2105,28,RPG 123,BRA,PC,Digital,Standard,17
2108,0,RPG 123,BRA,PC,Retail,Standard,17
0,66952,RPG 123,All,All,All,All,18
1,53139,RPG 123,USA,All,All,All,18
2,27234,RPG 123,USA,PS4,All,All,18
3,3553,RPG 123,USA,PS4,Digital,All,18
6,23681,RPG 123,USA,PS4,Retail,All,18
9,24968,RPG 123,USA,XBOX ONE,All,All,18
10,8314,RPG 123,USA,XBOX ONE,Digital,All,18
13,16654,RPG 123,USA,XBOX ONE,Retail,All,18
16,937,RPG 123,USA,PC,All,All,18
17,937,RPG 123,USA,PC,Digital,All,18
20,0,RPG 123,USA,PC,Retail,All,18
23,12837,RPG 123,CAN,All,All,All,18
24,8272,RPG 123,CAN,PS4,All,All,18
25,537,RPG 123,CAN,PS4,Digital,All,18
28,7735,RPG 123,CAN,PS4,Retail,All,18
31,4352,RPG 123,CAN,XBOX ONE,All,All,18
32,716,RPG 123,CAN,XBOX ONE,Digital,All,18
35,3636,RPG 123,CAN,XBOX ONE,Retail,All,18
38,213,RPG 123,CAN,PC,All,All,18
39,213,RPG 123,CAN,PC,Digital,All,18
42,0,RPG 123,CAN,PC,Retail,All,18
45,244,RPG 123,MEX,All,All,All,18
46,26,RPG 123,MEX,PS4,All,All,18
47,26,RPG 123,MEX,PS4,Digital,All,18
50,0,RPG 123,MEX,PS4,Retail,All,18
53,195,RPG 123,MEX,XBOX ONE,All,All,18
54,195,RPG 123,MEX,XBOX ONE,Digital,All,18
57,0,RPG 123,MEX,XBOX ONE,Retail,All,18
60,23,RPG 123,MEX,PC,All,All,18
61,23,RPG 123,MEX,PC,Digital,All,18
64,0,RPG 123,MEX,PC,Retail,All,18
67,253,RPG 123,ROSA,All,All,All,18
68,77,RPG 123,ROSA,PS4,All,All,18
69,77,RPG 123,ROSA,PS4,Digital,All,18
72,0,RPG 123,ROSA,PS4,Retail,All,18
75,95,RPG 123,ROSA,XBOX ONE,All,All,18
76,95,RPG 123,ROSA,XBOX ONE,Digital,All,18
79,0,RPG 123,ROSA,XBOX ONE,Retail,All,18
82,81,RPG 123,ROSA,PC,All,All,18
83,81,RPG 123,ROSA,PC,Digital,All,18
86,0,RPG 123,ROSA,PC,Retail,All,18
89,479,RPG 123,BRA,All,All,All,18
90,110,RPG 123,BRA,PS4,All,All,18
91,110,RPG 123,BRA,PS4,Digital,All,18
94,0,RPG 123,BRA,PS4,Retail,All,18
97,255,RPG 123,BRA,XBOX ONE,All,All,18
98,255,RPG 123,BRA,XBOX ONE,Digital,All,18
101,0,RPG 123,BRA,XBOX ONE,Retail,All,18
104,114,RPG 123,BRA,PC,All,All,18
105,114,RPG 123,BRA,PC,Digital,All,18
108,0,RPG 123,BRA,PC,Retail,All,18
4,2690,RPG 123,USA,PS4,Digital,Special,18
7,13283,RPG 123,USA,PS4,Retail,Special,18
11,6651,RPG 123,USA,XBOX ONE,Digital,Special,18
14,8971,RPG 123,USA,XBOX ONE,Retail,Special,18
18,679,RPG 123,USA,PC,Digital,Special,18
21,0,RPG 123,USA,PC,Retail,Special,18
26,534,RPG 123,CAN,PS4,Digital,Special,18
29,3054,RPG 123,CAN,PS4,Retail,Special,18
33,571,RPG 123,CAN,XBOX ONE,Digital,Special,18
36,1644,RPG 123,CAN,XBOX ONE,Retail,Special,18
40,163,RPG 123,CAN,PC,Digital,Special,18
43,0,RPG 123,CAN,PC,Retail,Special,18
48,17,RPG 123,MEX,PS4,Digital,Special,18
51,0,RPG 123,MEX,PS4,Retail,Special,18
55,169,RPG 123,MEX,XBOX ONE,Digital,Special,18
58,0,RPG 123,MEX,XBOX ONE,Retail,Special,18
62,17,RPG 123,MEX,PC,Digital,Special,18
65,0,RPG 123,MEX,PC,Retail,Special,18
70,38,RPG 123,ROSA,PS4,Digital,Special,18
73,0,RPG 123,ROSA,PS4,Retail,Special,18
77,77,RPG 123,ROSA,XBOX ONE,Digital,Special,18
80,0,RPG 123,ROSA,XBOX ONE,Retail,Special,18
84,57,RPG 123,ROSA,PC,Digital,Special,18
87,0,RPG 123,ROSA,PC,Retail,Special,18
92,38,RPG 123,BRA,PS4,Digital,Special,18
95,0,RPG 123,BRA,PS4,Retail,Special,18
99,172,RPG 123,BRA,XBOX ONE,Digital,Special,18
102,0,RPG 123,BRA,XBOX ONE,Retail,Special,18
106,90,RPG 123,BRA,PC,Digital,Special,18
109,0,RPG 123,BRA,PC,Retail,Special,18
5,863,RPG 123,USA,PS4,Digital,Standard,18
8,10398,RPG 123,USA,PS4,Retail,Standard,18
12,1663,RPG 123,USA,XBOX ONE,Digital,Standard,18
15,7683,RPG 123,USA,XBOX ONE,Retail,Standard,18
19,258,RPG 123,USA,PC,Digital,Standard,18
22,0,RPG 123,USA,PC,Retail,Standard,18
27,3,RPG 123,CAN,PS4,Digital,Standard,18
30,4681,RPG 123,CAN,PS4,Retail,Standard,18
34,145,RPG 123,CAN,XBOX ONE,Digital,Standard,18
37,1992,RPG 123,CAN,XBOX ONE,Retail,Standard,18
41,50,RPG 123,CAN,PC,Digital,Standard,18
44,0,RPG 123,CAN,PC,Retail,Standard,18
49,9,RPG 123,MEX,PS4,Digital,Standard,18
52,0,RPG 123,MEX,PS4,Retail,Standard,18
56,26,RPG 123,MEX,XBOX ONE,Digital,Standard,18
59,0,RPG 123,MEX,XBOX ONE,Retail,Standard,18
63,6,RPG 123,MEX,PC,Digital,Standard,18
66,0,RPG 123,MEX,PC,Retail,Standard,18
71,39,RPG 123,ROSA,PS4,Digital,Standard,18
74,0,RPG 123,ROSA,PS4,Retail,Standard,18
78,18,RPG 123,ROSA,XBOX ONE,Digital,Standard,18
81,0,RPG 123,ROSA,XBOX ONE,Retail,Standard,18
85,24,RPG 123,ROSA,PC,Digital,Standard,18
88,0,RPG 123,ROSA,PC,Retail,Standard,18
93,72,RPG 123,BRA,PS4,Digital,Standard,18
96,0,RPG 123,BRA,PS4,Retail,Standard,18
100,83,RPG 123,BRA,XBOX ONE,Digital,Standard,18
103,0,RPG 123,BRA,XBOX ONE,Retail,Standard,18
107,24,RPG 123,BRA,PC,Digital,Standard,18
110,0,RPG 123,BRA,PC,Retail,Standard,18
2109,41690,RPG 123,All,All,All,All,19
2110,30401,RPG 123,USA,All,All,All,19
2111,15465,RPG 123,USA,PS4,All,All,19
2112,1142,RPG 123,USA,PS4,Digital,All,19
2115,14323,RPG 123,USA,PS4,Retail,All,19
2118,14232,RPG 123,USA,XBOX ONE,All,All,19
2119,4513,RPG 123,USA,XBOX ONE,Digital,All,19
2122,9719,RPG 123,USA,XBOX ONE,Retail,All,19
2125,704,RPG 123,USA,PC,All,All,19
2126,704,RPG 123,USA,PC,Digital,All,19
2129,0,RPG 123,USA,PC,Retail,All,19
2132,10691,RPG 123,CAN,All,All,All,19
2133,6985,RPG 123,CAN,PS4,All,All,19
2134,161,RPG 123,CAN,PS4,Digital,All,19
2137,6824,RPG 123,CAN,PS4,Retail,All,19
2140,3540,RPG 123,CAN,XBOX ONE,All,All,19
2141,400,RPG 123,CAN,XBOX ONE,Digital,All,19
2144,3140,RPG 123,CAN,XBOX ONE,Retail,All,19
2147,166,RPG 123,CAN,PC,All,All,19
2148,166,RPG 123,CAN,PC,Digital,All,19
2151,0,RPG 123,CAN,PC,Retail,All,19
2154,140,RPG 123,MEX,All,All,All,19
2155,15,RPG 123,MEX,PS4,All,All,19
2156,15,RPG 123,MEX,PS4,Digital,All,19
2159,0,RPG 123,MEX,PS4,Retail,All,19
2162,111,RPG 123,MEX,XBOX ONE,All,All,19
2163,111,RPG 123,MEX,XBOX ONE,Digital,All,19
2166,0,RPG 123,MEX,XBOX ONE,Retail,All,19
2169,14,RPG 123,MEX,PC,All,All,19
2170,14,RPG 123,MEX,PC,Digital,All,19
2173,0,RPG 123,MEX,PC,Retail,All,19
2176,145,RPG 123,ROSA,All,All,All,19
2177,42,RPG 123,ROSA,PS4,All,All,19
2178,42,RPG 123,ROSA,PS4,Digital,All,19
2181,0,RPG 123,ROSA,PS4,Retail,All,19
2184,53,RPG 123,ROSA,XBOX ONE,All,All,19
2185,53,RPG 123,ROSA,XBOX ONE,Digital,All,19
2188,0,RPG 123,ROSA,XBOX ONE,Retail,All,19
2191,50,RPG 123,ROSA,PC,All,All,19
2192,50,RPG 123,ROSA,PC,Digital,All,19
2195,0,RPG 123,ROSA,PC,Retail,All,19
2198,313,RPG 123,BRA,All,All,All,19
2199,71,RPG 123,BRA,PS4,All,All,19
2200,71,RPG 123,BRA,PS4,Digital,All,19
2203,0,RPG 123,BRA,PS4,Retail,All,19
2206,153,RPG 123,BRA,XBOX ONE,All,All,19
2207,153,RPG 123,BRA,XBOX ONE,Digital,All,19
2210,0,RPG 123,BRA,XBOX ONE,Retail,All,19
2213,89,RPG 123,BRA,PC,All,All,19
2214,89,RPG 123,BRA,PC,Digital,All,19
2217,0,RPG 123,BRA,PC,Retail,All,19
2113,660,RPG 123,USA,PS4,Digital,Special,19
2116,8928,RPG 123,USA,PS4,Retail,Special,19
2120,3534,RPG 123,USA,XBOX ONE,Digital,Special,19
2123,5694,RPG 123,USA,XBOX ONE,Retail,Special,19
2127,524,RPG 123,USA,PC,Digital,Special,19
2130,0,RPG 123,USA,PC,Retail,Special,19
2135,161,RPG 123,CAN,PS4,Digital,Special,19
2138,2528,RPG 123,CAN,PS4,Retail,Special,19
2142,321,RPG 123,CAN,XBOX ONE,Digital,Special,19
2145,1359,RPG 123,CAN,XBOX ONE,Retail,Special,19
2149,124,RPG 123,CAN,PC,Digital,Special,19
2152,0,RPG 123,CAN,PC,Retail,Special,19
2157,9,RPG 123,MEX,PS4,Digital,Special,19
2160,0,RPG 123,MEX,PS4,Retail,Special,19
2164,91,RPG 123,MEX,XBOX ONE,Digital,Special,19
2167,0,RPG 123,MEX,XBOX ONE,Retail,Special,19
2171,11,RPG 123,MEX,PC,Digital,Special,19
2174,0,RPG 123,MEX,PC,Retail,Special,19
2179,23,RPG 123,ROSA,PS4,Digital,Special,19
2182,0,RPG 123,ROSA,PS4,Retail,Special,19
2186,42,RPG 123,ROSA,XBOX ONE,Digital,Special,19
2189,0,RPG 123,ROSA,XBOX ONE,Retail,Special,19
2193,34,RPG 123,ROSA,PC,Digital,Special,19
2196,0,RPG 123,ROSA,PC,Retail,Special,19
2201,25,RPG 123,BRA,PS4,Digital,Special,19
2204,0,RPG 123,BRA,PS4,Retail,Special,19
2208,96,RPG 123,BRA,XBOX ONE,Digital,Special,19
2211,0,RPG 123,BRA,XBOX ONE,Retail,Special,19
2215,70,RPG 123,BRA,PC,Digital,Special,19
2218,0,RPG 123,BRA,PC,Retail,Special,19
2114,482,RPG 123,USA,PS4,Digital,Standard,19
2117,5395,RPG 123,USA,PS4,Retail,Standard,19
2121,979,RPG 123,USA,XBOX ONE,Digital,Standard,19
2124,4025,RPG 123,USA,XBOX ONE,Retail,Standard,19
2128,180,RPG 123,USA,PC,Digital,Standard,19
2131,0,RPG 123,USA,PC,Retail,Standard,19
2136,0,RPG 123,CAN,PS4,Digital,Standard,19
2139,4296,RPG 123,CAN,PS4,Retail,Standard,19
2143,79,RPG 123,CAN,XBOX ONE,Digital,Standard,19
2146,1781,RPG 123,CAN,XBOX ONE,Retail,Standard,19
2150,42,RPG 123,CAN,PC,Digital,Standard,19
2153,0,RPG 123,CAN,PC,Retail,Standard,19
2158,6,RPG 123,MEX,PS4,Digital,Standard,19
2161,0,RPG 123,MEX,PS4,Retail,Standard,19
2165,20,RPG 123,MEX,XBOX ONE,Digital,Standard,19
2168,0,RPG 123,MEX,XBOX ONE,Retail,Standard,19
2172,3,RPG 123,MEX,PC,Digital,Standard,19
2175,0,RPG 123,MEX,PC,Retail,Standard,19
2180,19,RPG 123,ROSA,PS4,Digital,Standard,19
2183,0,RPG 123,ROSA,PS4,Retail,Standard,19
2187,11,RPG 123,ROSA,XBOX ONE,Digital,Standard,19
2190,0,RPG 123,ROSA,XBOX ONE,Retail,Standard,19
2194,16,RPG 123,ROSA,PC,Digital,Standard,19
2197,0,RPG 123,ROSA,PC,Retail,Standard,19
2202,46,RPG 123,BRA,PS4,Digital,Standard,19
2205,0,RPG 123,BRA,PS4,Retail,Standard,19
2209,57,RPG 123,BRA,XBOX ONE,Digital,Standard,19
2212,0,RPG 123,BRA,XBOX ONE,Retail,Standard,19
2216,19,RPG 123,BRA,PC,Digital,Standard,19
2219,0,RPG 123,BRA,PC,Retail,Standard,19
